Internal_ID,Language,WorkplaceCat,Tenure,MLS_Date,MLS_Inst,MLS_RMCourse,MLS_IndStudy,MLS_Thesis,PostMLS_UniCourse,PostMLS_Workshop,PostMLS_LRI,PostMLS_QRI,PostMLS_OnlineNonCredit,PostMLS_Other,AdvDeg_ThesisMasters,AdvDeg_NonThesisMasters,AdvDeg_PhD,AdvDeg_No,AdvDeg_Other,AdvInProgress_ThesisMasters,AdvInProgress_NonThesisMasters,AdvInProgress_PhD,AdvInProgress_No,AdvInProgress_Other,PCR_Requirement,PCR_Priority,PCR_CurrentlyWorking,PCR_AlwaysWorking,PCR_Meaningful,PCR_Contribute,IS_Supported,IS_Time,IS_OwnTime,COM_NetworkOwnInst,COM_NetworkOtherInst,COM_SimilarInterest,COM_ProfAssoc,COM_Conferences,COM_Belong,PCR_ScheduleTime,PCR_SupportingActivities,ISPS_PeerSupportGroup,IS_Sabbatical,IS_ResAsst,IS_Funding,IS_SelfFund,CLB_CoResearcherOwnInst,CLB_CoResearcherOtherInst,CLB_OnOwn,COM_ConsultedExpert,IS_Space,PT_EnjoyResearch,PT_EnjoyWriting,PT_Confident,PT_AchieveGoals,PT_EnjoyPresenting,PT_EnjoyChatting,PT_Satisfaction,PT_EasilyIdQuestions,PT_Curiosity,PT_Finish,IS_Expected,MR_AdvanceCareer,MR_PersonalInterest,MR_LibraryServices,MR_ProfGrowth,MR_Reputation,MR_InformedDecisions,MR_LibraryVisibility,MR_FacultyRelationships,MR_StrongerProfession,PS_Feedback,MR_Merit,PS_WritingGroup,PS_JournalClub,M_Mentee,M_Mentor,PCR_Literature,Poster,Presentation,ConfProceeding,NPR_Journal,PR_Journal,Chapter,Author_Book,Editor_Book
63829166,English,3,0,Apr-03,"Other, please specify...",1,1,,,,,,,,,,,1,,,,,1,,0,0,0,0,0,1,1,1,0,0,0,0,1,0,0,0,0,0,0,0,0,1,0,0,1,0,1,1,0,1,1,0,1,0,1,1,1,0,0,0,0,0,0,1,0,0,0,0,0,1,0,0,0,1,0,0,0,0,0,0,0,0
63829302,English,3,1,Dec-93,Western University,1,,,,1,,,,,,,,1,,,,,1,,1,0,1,0,1,0,0,0,1,0,0,1,0,0,0,1,0,0,0,0,0,0,1,0,1,0,0,1,0,1,0,0,0,0,1,1,0,1,0,1,0,0,0,0,0,0,0,0,0,0,0,0,0,0,0,0,0,0,0,0,0,0
63829481,English,1,1,May-04,McGill University,,,,,1,,,,,,,,1,,,,,1,,1,0,1,1,1,1,1,1,0,1,0,1,0,0,1,1,1,0,0,0,0,1,1,1,0,1,0,0,0,1,0,0,0,0,0,1,0,1,1,1,1,1,0,1,,1,1,1,1,0,1,0,0,1,1,4,0,0,1,1,0,0
63829509,English,1,1,Jun-10,Dalhousie University,1,1,,,,1,,,,,,,1,,,,,,1,0,1,1,1,1,1,0,0,1,1,1,1,1,1,1,1,1,1,0,0,0,1,1,1,0,1,0,1,1,1,1,1,1,1,1,1,0,1,1,1,1,1,1,1,1,1,1,1,0,0,1,1,1,1,5,7,0,4,2,0,0,0
63829597,English,3,0,May-01,University of Alberta,1,,,,,,,,,,,,1,,,,,1,,0,0,0,0,0,1,0,0,0,0,0,0,0,0,0,0,0,0,0,0,0,0,0,0,0,0,0,0,0,1,0,0,0,1,1,0,0,0,0,0,0,0,0,0,0,0,0,0,0,0,0,0,0,1,0,0,0,0,0,0,0,0
63829697,English,2,1,Jun-87,Western University,,,,1,1,,,,,1,,,,,,,,1,,0,1,1,1,1,1,1,1,1,1,1,1,0,1,1,1,0,1,1,0,0,1,1,1,1,1,1,1,1,1,1,1,1,1,0,1,1,1,0,1,1,1,1,1,1,1,1,0,,0,0,0,1,1,1,1,0,0,0,0,0,0
63829841,English,1,1,Dec-06,University of Toronto,1,1,,,1,1,,,1,,,,,1,,,,1,,0,1,1,1,1,1,1,1,1,1,1,1,1,1,1,1,1,1,1,0,1,1,1,1,1,1,1,1,1,1,1,1,1,1,1,1,1,1,1,1,1,1,1,1,1,1,1,1,1,0,0,1,1,1,0,1,0,4,0,0,1,0
63829914,English,1,0,Dec-14,Universite de Montreal,1,,,,1,,,,,,,,1,,,,,1,,0,0,0,0,1,1,1,0,1,0,0,0,0,1,1,1,1,0,0,0,0,0,1,0,1,1,1,1,0,0,0,0,1,1,1,1,0,0,1,1,1,1,0,1,0,0,1,1,0,0,1,0,0,1,0,2,0,0,0,0,0,0
63829956,English,,0,May-05,Western University,1,,,,,,,,,,1,,,,,,,1,,1,1,1,1,1,1,1,1,1,1,1,1,0,1,1,1,1,0,0,1,1,1,1,1,0,0,1,1,1,1,1,1,1,1,1,1,1,1,0,1,1,1,1,1,0,0,1,0,0,0,0,0,1,1,0,7,1,0,2,1,0,0
63829993,English,,1,Dec-08,University of British Columbia,,1,,,1,,,,,,,1,,,,,,1,,0,1,1,1,1,1,1,1,1,0,1,1,0,1,1,1,1,0,1,1,1,0,1,1,1,1,1,1,0,1,1,1,0,1,1,1,1,1,0,1,1,1,1,1,0,0,1,0,0,1,0,1,1,1,10,5,0,0,8,0,0,0
63830015,English,2,1,Jun-07,Western University,1,,,,1,1,,,,,,,1,,,,,1,,0,1,1,1,1,1,1,1,1,1,1,1,0,1,1,1,1,1,0,0,0,1,1,1,1,1,1,1,1,1,1,1,1,1,0,1,0,1,1,1,1,1,1,1,0,0,1,1,1,0,0,1,0,0,2,4,0,1,0,0,0,0
63830088,English,2,1,May-06,Dalhousie University,1,,,,,,,,,,,,1,,,,,1,,0,1,1,1,1,1,1,1,1,1,1,1,1,1,0,0,0,0,0,0,0,0,1,0,1,0,0,1,0,1,1,1,1,0,0,1,1,1,1,1,1,1,1,1,0,0,1,1,0,0,1,0,0,0,1,4,1,1,0,0,0,0
63830095,English,2,0,Apr-14,McGill University,1,1,,,,,,,,,,,1,,,,,1,,0,1,1,1,1,1,0,0,1,1,0,1,1,0,0,0,0,1,0,0,0,0,1,0,1,0,0,1,1,0,1,1,1,0,1,1,1,1,1,0,1,1,1,1,0,0,1,1,0,0,0,0,0,1,0,1,0,0,0,0,0,0
63830185,English,3,1,Aug-81,Western University,,,,,,,,,,,,,1,,,,,1,,0,0,1,1,1,1,0,0,1,1,0,1,1,1,1,0,0,0,1,1,1,1,1,0,1,1,1,1,0,1,0,1,1,0,1,1,0,1,0,1,1,1,1,0,1,0,1,0,1,0,0,1,1,1,0,5,0,0,0,0,0,0
63830287,English,1,1,Sep-08,Western University,1,,,,,,,,,,,,1,,,,,,1,0,1,1,1,1,1,1,0,1,0,1,1,0,1,0,1,1,1,0,0,0,0,1,1,1,1,0,1,1,1,1,1,1,1,1,1,1,1,0,1,1,1,0,1,0,0,1,0,0,0,0,0,1,1,0,4,0,0,0,1,0,0
63830336,English,3,1,Aug-90,Western University,1,,,,,,,,,,,,1,,,,,1,,0,0,0,0,0,1,0,0,0,0,0,0,0,0,0,0,0,0,0,0,0,0,0,0,0,0,1,1,1,1,0,1,1,1,1,0,0,0,0,0,0,0,0,0,0,0,0,0,0,0,0,0,0,0,1,1,0,0,0,0,0,0
63830493,English,2,1,May-00,,1,,,1,1,,,,1,,,,1,,,,,1,,0,1,0,1,1,1,1,1,1,0,1,,0,1,1,1,1,1,0,0,0,1,0,1,1,1,1,1,0,1,1,1,1,0,1,1,0,1,0,1,1,1,0,0,1,0,1,1,0,0,1,1,1,1,0,10,1,2,2,0,0,0
63830514,English,,1,May-99,University of Alberta,,,,,1,1,,,,1,,,,,,,,1,,0,0,1,1,1,1,1,0,0,0,0,1,1,1,0,0,1,0,1,1,1,1,1,0,1,0,0,1,1,1,0,1,1,1,1,1,1,1,1,1,1,1,1,1,1,1,1,0,1,0,1,0,1,1,0,6,0,1,4,1,1,0
63830606,English,2,1,Sep-10,Western University,1,,,,,,,,,1,,,,,,,,1,,0,0,0,0,1,,1,1,1,0,0,0,0,1,0,0,1,0,0,0,0,1,1,1,1,0,1,1,1,0,0,1,0,1,0,1,0,1,1,1,0,1,1,0,0,0,0,0,0,0,1,0,0,1,2,1,0,0,1,0,0,0
63830637,English,1,1,Jun-02,Western University,1,1,,,1,,,,1,,,,1,,,,,1,,0,1,1,0,1,1,0,1,1,1,1,1,1,1,0,1,1,0,1,1,0,1,0,1,1,1,1,1,1,0,1,1,1,1,1,1,1,0,0,1,1,0,0,1,0,1,1,1,0,0,1,0,1,1,2,3,0,0,4,1,1,0
63830775,French (Canadian),1,1,Jun-04,"Other, please specify...",,,1,,,1,,,,1,,,,,,,1,,,0,0,1,1,1,1,1,0,1,1,1,1,1,1,1,0,1,1,0,0,0,1,1,0,1,1,1,1,1,1,1,0,1,1,1,1,1,1,0,1,0,1,0,0,1,1,1,1,0,0,0,1,1,1,0,13,0,1,1,1,0,0
63830843,English,1,0,May-04,University of British Columbia,1,,,,,,,,,,,,1,,,,,1,,0,0,0,0,0,1,0,0,0,0,0,1,0,1,0,0,1,0,0,0,0,0,0,1,0,0,0,0,0,0,0,1,0,0,0,0,0,0,0,0,0,0,0,0,0,0,0,0,0,0,0,0,0,0,0,0,0,0,1,0,0,0
63830968,English,3,1,Nov-09,University of Alberta,,,1,,,,,,1,1,,,,,,,,1,,0,1,0,0,1,1,0,0,0,1,0,1,0,1,0,0,1,0,0,0,0,0,0,0,1,1,0,1,0,1,1,1,1,1,0,1,1,0,1,1,1,1,1,1,1,1,1,1,0,0,0,0,1,1,0,3,0,0,0,0,0,0
63831143,English,1,1,Apr-99,Western University,,,,,,,,,,,,,1,,,,,1,,0,0,1,1,1,1,1,0,0,1,0,1,0,1,1,0,0,0,1,0,0,1,1,0,1,1,0,1,0,1,0,1,1,0,1,1,0,1,0,1,1,1,0,1,0,0,0,0,0,0,0,0,0,1,1,3,0,0,0,0,0,0
63831301,English,1,1,Sep-01,Dalhousie University,1,1,1,1,1,,,1,,1,,1,,,,,,1,,0,1,1,1,1,1,0,1,1,0,1,1,0,1,1,0,1,1,1,1,1,1,1,1,1,1,0,1,1,1,1,1,1,1,1,1,1,0,0,1,1,1,1,1,1,1,1,1,0,1,0,1,1,1,2,6,2,1,2,2,0,0
63831593,English,2,1,Apr-05,Dalhousie University,,,,,,,,,,,,,1,,,,,1,,1,1,0,0,1,1,1,0,1,1,0,1,1,0,0,1,0,0,1,0,1,1,1,1,1,0,1,1,1,0,1,1,0,1,1,0,1,1,1,0,1,1,1,1,0,0,0,0,0,0,0,0,0,0,1,12,0,1,2,0,0,0
63831861,English,1,1,Apr-09,McGill University,1,,,,1,,,,,,,,1,,,,,1,,0,0,1,1,1,1,1,1,0,1,0,1,0,1,1,0,1,1,0,0,0,0,1,0,0,1,1,1,0,1,1,1,1,1,1,0,1,1,1,0,1,0,1,1,0,0,1,1,1,0,1,1,1,1,0,11,1,1,5,2,0,0
63832000,English,3,1,Apr-10,University of Alberta,1,,,,1,,,,,,,,1,,,,,1,,1,0,1,0,1,1,1,1,1,0,0,1,0,0,0,0,1,0,0,1,0,1,1,1,1,1,0,0,0,1,1,1,0,1,1,0,1,1,1,0,1,0,1,1,0,0,1,0,0,0,0,0,1,1,1,12,1,2,2,0,0,0
63832677,English,2,0,Nov-99,University of British Columbia,1,,,,,,,,1,,,,1,,,,,1,,0,,,,1,1,,,1,0,1,1,0,,,,,,0,0,1,0,1,1,,,1,1,1,1,,1,,1,,1,1,0,,1,1,1,,1,,,,1,0,0,0,,,0,0,3,1,0,0,0,0,0
63832921,English,2,1,May-00,McGill University,1,1,,,,,,,,1,,,,,,,,1,,0,0,1,0,1,1,0,0,0,0,0,0,0,0,0,1,1,1,1,0,0,1,0,1,1,0,0,1,1,0,0,0,0,1,0,1,0,1,1,1,1,1,0,1,0,0,0,0,0,0,0,0,0,0,0,1,0,1,0,0,0,0
63833838,English,3,1,May-00,McGill University,1,,,,1,,,,,,,,1,,,,,1,,0,1,0,0,1,1,1,0,0,1,0,1,1,1,0,0,1,0,0,0,0,0,0,1,0,0,1,1,1,0,0,1,1,0,0,1,0,1,0,1,1,0,0,1,1,1,1,1,0,0,1,0,0,1,1,3,0,0,0,0,0,0
63834597,English,1,1,Apr-09,Western University,1,,,,,1,,,,1,,,,,,,,1,,0,0,1,1,1,1,1,1,1,1,0,1,0,1,1,1,1,1,1,1,1,1,0,1,1,1,1,1,0,0,1,1,1,1,0,1,1,1,1,1,1,1,1,1,0,1,1,1,1,0,1,1,1,1,1,3,0,1,3,0,0,0
63834749,English,3,1,May-10,University of British Columbia,1,1,,,1,,,,,,,,1,,,,,1,,0,0,1,0,1,1,0,0,1,0,0,1,0,1,0,0,1,0,0,0,0,1,1,0,1,0,0,1,1,0,0,1,0,1,1,0,0,1,1,1,1,1,0,1,0,0,1,1,0,0,1,0,0,1,0,4,0,0,0,0,0,0
63835992,English,2,1,May-05,University of British Columbia,1,,,,,1,,,,,1,,,,,,,1,,0,0,0,0,1,1,1,0,1,1,1,1,1,1,1,0,1,1,0,0,0,0,0,0,0,0,0,1,1,0,0,1,1,1,1,1,0,0,0,1,1,1,0,1,1,1,1,1,0,1,1,0,1,0,1,3,0,1,0,0,0,0
63836401,English,1,1,Oct-85,University of British Columbia,,,1,,,,,,,1,,,,,,,,1,,0,0,1,0,1,1,1,1,1,0,0,0,1,1,1,0,1,0,0,0,0,1,0,1,1,0,1,1,1,1,1,1,1,1,1,1,1,1,0,1,1,1,1,0,0,0,1,1,0,0,0,0,1,0,0,2,0,1,0,0,0,0
63836998,English,1,0,Apr-91,University of Toronto,1,,,,,1,,,,1,,,,,,,,1,,1,0,0,0,1,1,0,0,1,0,0,0,0,1,0,0,0,0,0,0,0,0,0,0,1,0,0,0,0,0,0,0,0,0,0,0,1,1,0,0,1,0,0,1,0,0,0,0,0,0,0,0,0,0,0,2,0,0,0,0,0,0
63837444,English,1,1,Jun-13,Dalhousie University,1,1,,,1,,,,,,,,1,,,,,1,,0,1,1,1,1,1,0,0,1,1,0,1,0,1,0,1,1,0,0,0,1,1,1,1,1,1,0,1,1,1,,1,1,1,1,1,1,1,1,1,1,1,1,1,1,0,1,1,0,0,1,1,0,1,3,5,1,1,0,0,0,0
63838545,English,1,1,Apr-16,"Other, please specify...",1,1,1,,1,,,,,,,,,1,,,,1,,0,1,1,1,1,1,1,1,1,1,1,1,0,1,1,1,1,1,1,1,1,1,1,1,1,1,1,1,1,1,1,1,1,1,1,0,1,1,1,1,1,1,1,1,1,0,1,1,1,0,0,1,1,1,0,20,5,5,3,1,1,0
63839171,English,2,1,May-99,US Program,1,,,,,,,,,,,,1,,,,,1,,0,0,1,0,1,1,1,1,0,1,1,1,0,0,1,1,1,1,1,0,0,1,1,0,1,0,1,1,0,0,1,1,1,1,0,1,0,1,1,1,0,1,1,1,0,0,1,1,1,0,1,0,0,1,0,5,0,1,0,0,0,0
63839780,English,2,1,Jun-16,University of Toronto,1,,,1,1,,,,,,,,1,,,,1,,,0,0,1,1,1,1,1,1,1,0,1,1,0,1,1,0,1,1,1,1,1,0,1,1,1,1,1,1,0,1,1,1,1,1,1,1,1,1,1,1,1,1,1,1,0,0,1,1,1,0,0,0,1,1,2,10,0,3,2,0,0,0
63839783,English,3,0,Apr-94,University of British Columbia,1,1,,,,,,,,,,,1,,,,,1,,0,0,1,0,1,1,0,0,0,1,0,0,1,1,0,0,1,0,1,0,0,0,0,0,1,0,0,0,0,1,0,0,0,0,0,1,0,0,0,1,1,1,1,1,1,1,1,0,0,0,0,0,0,1,0,2,0,0,0,0,0,0
63840103,English,1,0,Apr-15,McGill University,1,,,,,,,,,,,,,1,,,,,,0,0,1,0,1,1,1,1,1,0,1,1,0,1,1,1,1,0,0,0,0,0,0,1,1,0,1,1,1,1,1,1,1,1,1,1,0,1,1,1,1,1,0,1,0,1,1,1,0,0,0,1,0,1,2,0,0,0,0,0,0,0
63840179,English,3,1,May-04,University of British Columbia,1,,,,1,,,,,,1,,,,,,,1,,0,0,0,0,1,1,1,0,0,1,0,0,1,1,0,0,1,1,0,0,1,1,1,0,1,0,1,1,0,1,1,1,1,1,1,1,1,1,1,1,1,1,1,1,1,1,1,1,0,0,0,1,1,0,1,4,1,1,0,1,0,0
63840535,English,1,1,Jan-99,Western University,,,,,1,,,,,,,1,,,,,,1,,0,1,1,1,1,1,1,0,1,0,1,1,0,0,1,1,1,0,0,0,0,1,0,0,1,0,1,1,1,1,1,1,1,1,1,1,0,0,0,1,0,1,1,0,0,0,1,0,0,0,0,0,1,1,0,1,0,0,0,0,0,0
63840565,English,1,1,Dec-02,Western University,1,,,,,,,,,,,,1,,,,,1,,0,0,0,0,0,1,0,0,0,0,0,1,0,0,0,0,0,1,0,0,0,0,0,0,0,0,0,0,1,1,0,1,0,0,1,0,0,0,0,0,0,0,0,0,0,0,0,0,0,0,0,0,0,0,0,0,0,0,0,0,0,0
63840667,English,1,1,Jun-87,US Program,1,,,1,,,,,,,,,,1,,1,,,,1,0,1,0,1,1,1,1,1,0,0,0,0,1,0,0,1,1,1,1,1,0,1,0,1,1,1,1,0,1,0,1,0,0,1,1,0,1,1,0,1,1,1,1,0,1,0,0,0,0,1,0,0,1,2,4,2,1,2,0,0,0
63840965,English,3,1,Aug-08,Western University,1,,,1,1,,,1,,,,,1,,,,,1,,0,0,1,0,1,1,0,0,1,0,0,0,0,1,0,0,1,0,0,0,0,1,1,0,1,1,0,1,1,1,1,1,0,1,1,1,1,1,1,1,1,1,1,1,1,1,0,1,1,0,0,0,0,1,1,3,0,2,2,0,0,0
63843198,English,1,1,Apr-86,University of British Columbia,1,1,,1,1,,,,,1,,1,,,1,,,,,0,0,1,1,1,1,0,0,1,1,0,1,0,1,0,1,1,0,1,0,0,1,0,1,1,1,1,1,0,1,0,1,1,1,1,1,1,1,0,1,0,1,1,0,0,0,1,1,0,0,0,0,1,1,1,9,3,3,3,2,1,0
63843349,English,1,1,Jun-06,University of Toronto,1,,,,,,,,,1,,,,,,,,1,,0,0,0,0,0,0,0,0,0,0,0,0,0,0,0,0,1,0,0,0,0,0,0,0,0,0,0,0,0,1,1,0,0,0,1,0,0,1,0,0,0,0,0,0,0,0,0,0,0,0,0,0,0,1,3,4,0,0,3,1,0,0
63843459,English,3,1,Apr-96,Western University,1,,,,,,,,,,1,,,,,,,1,,0,1,1,1,1,1,1,1,1,1,1,1,1,1,0,1,1,0,1,1,1,1,1,0,1,0,1,1,1,1,1,1,1,1,1,1,1,1,1,1,1,1,1,1,1,0,1,0,1,0,0,0,0,1,0,4,0,0,0,0,0,0
63843539,English,2,0,Jun-12,Western University,1,1,,,1,1,,,,,,,1,,,,,1,,0,1,1,1,1,1,1,0,1,1,1,1,1,1,0,1,1,0,0,1,1,1,1,0,1,0,1,1,0,1,1,1,1,1,1,1,0,1,1,1,1,1,1,1,1,1,1,1,1,1,0,1,1,1,2,3,0,0,1,1,0,0
63843648,English,1,1,Apr-03,University of Alberta,1,,,,1,1,,,,,,,1,,,,,1,,1,1,1,1,1,1,1,1,0,1,0,1,0,1,1,0,1,1,0,1,1,0,1,1,1,1,1,1,0,1,1,0,1,1,1,1,1,1,0,1,1,1,1,1,1,1,1,0,1,1,0,1,0,1,5,10,4,5,2,1,0,0
63844228,English,1,1,Jun-01,University of Toronto,1,1,1,,,,,,,,,1,,1,,,,1,,0,1,1,1,1,1,1,1,1,1,1,1,1,1,1,1,1,1,1,1,1,1,1,1,1,1,1,1,1,1,1,1,1,1,1,1,1,1,0,1,0,1,0,1,0,0,1,1,1,0,0,1,1,1,0,0,0,0,0,2,1,0
63844294,English,1,1,Apr-07,University of Alberta,1,1,,,1,1,1,,,1,,,,,,,1,,,0,1,1,1,1,1,0,0,1,1,1,1,0,1,1,0,1,1,0,1,1,1,1,1,1,1,0,1,1,1,1,1,1,1,1,1,0,0,1,1,0,1,1,0,0,1,1,1,1,1,0,1,1,1,0,4,3,0,1,1,0,0
63844662,English,1,1,Apr-00,University of Alberta,1,,,1,,1,,,,1,,,,,,,1,,,0,1,1,0,1,1,1,0,1,1,0,1,1,1,1,1,1,1,0,0,0,1,1,0,1,1,1,1,1,1,1,1,1,1,1,1,1,1,0,1,1,1,0,1,0,1,1,1,0,0,0,1,1,1,4,6,3,3,0,1,0,0
63844712,English,3,1,Jun-04,Western University,1,1,,,,,,,,,1,,,,,,,,1,0,0,1,1,1,1,0,0,1,0,0,0,0,0,0,0,1,0,0,0,0,1,1,0,1,0,1,1,1,1,0,1,1,1,0,1,0,1,1,1,0,1,0,1,0,0,0,0,0,0,0,0,0,1,1,1,0,1,0,1,0,0
63845274,English,2,1,Apr-04,University of Alberta,1,,,1,,,,,,,,,1,,,,1,,,0,1,1,1,1,1,0,0,1,0,1,1,0,1,0,1,1,0,1,0,1,1,1,1,0,0,1,1,1,1,1,0,0,1,1,0,0,1,1,1,0,0,0,0,0,0,1,0,0,0,0,0,1,0,2,6,1,1,10,0,0,1
63845355,English,2,1,Nov-12,University of Toronto,1,,,,1,,,,,,,,1,,,,,1,,0,1,1,0,1,1,1,0,1,0,0,1,1,1,0,1,0,0,0,1,1,1,1,0,1,0,0,1,0,1,1,1,1,1,1,1,1,1,1,1,1,1,1,1,1,0,1,1,0,0,0,0,0,0,1,3,0,0,0,0,0,0
63845369,English,1,1,Apr-79,University of Toronto,1,,,,1,,,,,,,,1,,,,,1,,0,0,1,0,1,0,1,0,1,0,0,0,0,1,0,0,0,0,1,0,0,1,0,0,1,0,1,1,0,0,1,1,0,0,0,1,0,0,0,1,1,0,0,1,0,0,0,0,0,0,0,0,0,1,0,0,0,2,0,0,0,0
63845803,English,1,1,May-05,University of Toronto,1,,,,1,1,,1,,1,,,,,,,,1,,0,0,1,1,1,1,1,1,1,1,0,1,0,0,0,1,1,1,1,1,0,0,1,0,1,1,1,1,1,1,1,1,1,1,1,1,0,1,0,1,1,0,0,1,1,1,0,1,0,0,0,1,1,0,0,7,1,0,2,0,0,0
63848334,English,1,1,Apr-99,University of Toronto,1,,,,1,,,,,1,,,,,,,,1,,0,0,1,0,1,1,0,0,1,1,0,1,1,0,0,0,1,1,0,0,0,0,1,0,0,0,0,1,1,1,0,1,1,1,1,1,0,1,1,1,1,1,1,1,0,0,1,1,0,0,0,0,0,0,1,5,0,2,0,1,0,0
63848360,English,2,0,Apr-93,University of British Columbia,1,,,,1,1,,,,,,,1,,,,,1,,0,1,1,1,1,1,1,1,1,1,0,0,1,1,1,0,0,1,0,1,0,0,0,0,1,1,1,1,1,0,1,1,1,1,0,1,1,0,0,1,1,1,1,1,1,1,1,1,0,0,0,0,1,0,0,3,0,1,1,0,0,0
63849206,English,1,1,Dec-10,University of Toronto,,1,,,1,1,,,1,1,,,,,,,,1,,0,1,1,1,1,1,1,0,1,1,1,1,1,1,1,0,1,1,1,0,1,1,1,1,1,1,0,1,1,1,1,1,1,1,1,1,1,1,0,1,1,1,1,1,1,1,1,1,0,0,1,1,1,1,2,8,1,5,0,1,0,0
63849284,English,2,0,Aug-15,Western University,1,,,1,,,,,,1,,,,,,,,1,,1,0,0,0,1,1,1,1,0,0,0,1,0,1,0,0,0,0,0,0,0,0,0,0,1,0,1,1,1,1,1,1,1,1,1,1,1,1,1,1,1,1,1,0,0,0,0,1,0,0,1,0,0,1,1,2,0,1,0,0,0,0
63850006,English,1,1,Aug-07,University of Alberta,1,1,,1,1,,1,,,,,,1,,,,,1,,0,0,1,1,1,1,1,1,1,1,1,1,1,1,1,0,1,1,0,1,1,0,1,0,1,1,1,1,0,1,0,1,1,1,1,1,0,1,1,1,1,1,1,1,0,1,1,1,0,0,0,0,1,1,3,5,3,1,10,0,0,0
63850232,English,3,1,Apr-86,Dalhousie University,1,,,,1,,,,1,,,,1,,,,,1,,0,0,1,1,1,1,1,1,1,1,1,1,1,1,1,1,1,1,1,0,1,1,1,1,1,1,1,1,1,1,1,1,1,1,1,1,1,1,0,1,1,1,0,1,1,0,1,1,0,0,0,1,1,1,0,22,2,2,6,0,0,0
63850591,English,1,1,May-81,University of Toronto,1,,,1,1,,,,,,,,1,,,,,1,,0,0,0,0,0,1,1,0,0,0,0,0,0,0,1,0,0,0,1,0,0,0,0,0,1,0,1,1,0,1,0,0,0,0,1,1,1,0,0,1,1,1,0,1,0,0,0,0,0,0,0,0,0,0,2,0,0,0,0,0,0,0
63850947,English,1,1,May-00,Western University,,,,,1,,,,,,,,1,,,,,1,,1,0,1,0,1,1,1,0,1,1,0,1,0,0,0,1,1,1,1,1,0,1,1,0,0,0,1,1,0,1,1,1,1,0,0,0,1,1,1,0,1,1,1,0,1,0,1,1,1,0,1,1,1,1,0,1,0,0,1,0,0,0
63863597,English,1,1,Dec-04,University of British Columbia,1,,,,,,,,,,,,1,,,,,1,,0,0,0,0,0,1,0,0,0,0,0,1,1,0,0,0,0,0,0,0,0,0,1,0,0,0,0,1,0,1,0,0,0,0,1,0,0,0,0,0,0,0,0,1,0,0,0,0,0,0,0,0,0,0,0,1,0,0,1,0,0,0
63866785,English,2,1,Apr-79,Western University,1,,,,,,,,,,,,1,,,,,1,,0,0,1,1,1,1,1,1,1,0,1,1,1,1,1,1,1,0,1,0,0,1,0,1,1,1,1,1,1,1,1,1,0,1,1,1,1,1,0,1,0,1,0,1,0,0,1,0,0,0,0,0,0,1,0,2,0,9,0,0,0,0
63867554,English,1,1,May-01,Dalhousie University,1,,,,,,,,,,,,1,,,,,1,,0,0,1,0,1,1,1,1,0,0,1,1,0,1,0,0,0,0,1,0,1,0,1,1,1,1,1,1,1,1,1,0,0,1,1,1,0,0,0,0,1,0,0,1,0,0,0,0,0,0,0,1,1,0,0,1,0,1,0,0,0,0
63868787,English,2,0,Aug-12,University of British Columbia,1,,,,,,,,,1,,,,,,,,1,,0,1,0,1,1,1,0,0,1,0,1,1,0,1,0,0,0,0,0,0,0,1,0,0,1,0,0,1,1,1,1,0,1,1,1,1,1,0,1,1,0,1,1,1,0,0,1,0,0,0,0,0,0,1,0,2,0,0,1,0,3,0
63869066,English,1,1,Aug-13,Western University,1,,,,,,,,,,,,1,,,,,1,,1,0,1,1,1,1,1,1,0,0,0,1,0,0,0,0,0,1,0,0,0,0,0,1,0,0,1,0,0,1,1,1,0,1,0,0,1,1,1,1,1,1,1,0,0,1,0,0,0,0,0,0,0,0,1,1,0,0,0,0,0,0
63869165,English,2,1,Aug-79,Western University,1,,,,,,,,,,,,1,,,,,1,,0,1,0,0,1,1,1,1,0,0,0,0,0,0,0,0,0,0,1,0,0,0,1,0,0,1,1,1,0,1,1,1,1,1,0,1,1,0,0,1,1,1,1,1,1,1,1,0,0,0,0,0,1,0,0,1,0,0,1,0,0,0
63869412,English,3,1,Oct-00,Dalhousie University,1,1,1,,1,,,,,,,,1,,,,,1,,0,1,1,1,1,1,1,1,1,1,1,1,1,1,1,1,1,1,0,1,1,1,0,1,1,1,1,1,0,1,1,1,1,1,1,1,1,1,1,1,1,1,1,1,1,1,1,1,0,0,0,1,1,1,3,12,0,6,0,1,0,0
63869601,English,3,1,Aug-04,Western University,1,,,,,,,1,,1,,,,,,,,1,,0,1,1,1,1,1,1,1,1,1,1,1,1,1,1,1,1,1,1,0,1,1,1,0,1,0,1,1,1,1,1,0,1,1,1,1,1,1,1,1,1,1,1,1,1,0,1,1,1,1,0,1,1,1,1,1,1,0,14,2,0,0
63869879,English,3,0,Jun-11,Western University,1,1,,,,,,,,,,,1,,,,,1,,0,0,0,0,,1,0,0,1,0,0,0,0,0,0,0,1,1,0,0,0,1,0,1,1,0,0,1,1,0,0,1,0,1,1,1,1,0,1,1,0,1,1,0,0,0,0,0,0,0,0,0,0,1,0,2,0,5,0,0,0,0
63870069,English,1,1,Dec-88,US Program,,,,,,,,,,1,,1,,,,,,1,,0,1,1,1,0,1,0,0,1,1,1,1,1,1,0,1,0,1,1,0,0,1,0,1,1,1,1,1,1,1,1,1,1,1,1,1,1,1,0,1,0,0,1,0,0,0,0,1,1,1,0,0,0,1,0,0,0,0,0,0,0,0
63870234,English,2,1,Jun-95,McGill University,1,,,,1,1,,,,1,,,,1,,,,1,,0,1,1,1,1,1,0,0,1,1,0,1,0,0,0,1,1,1,1,0,1,1,1,1,1,1,1,1,0,1,1,0,1,1,1,1,1,1,0,1,0,1,0,0,0,0,0,1,0,0,0,0,1,1,1,8,0,0,3,0,0,0
63870295,English,1,1,Apr-08,Universite de Montreal,1,1,,,,,,,,,,,1,,,,,1,,0,0,1,,1,1,1,1,,1,0,1,1,1,0,,0,1,1,0,0,1,1,0,1,0,1,1,0,1,1,1,1,0,,1,1,0,0,0,1,0,0,1,0,0,1,0,0,0,1,0,0,1,0,3,0,2,0,0,0,0
63870435,English,1,1,Jun-03,Western University,,,,,1,,,,,,,,1,,,,,1,,0,0,1,0,1,1,1,1,0,0,0,1,0,0,0,1,1,0,0,0,0,0,0,1,1,0,1,1,0,1,1,0,1,1,0,1,0,1,0,1,1,1,1,1,1,0,1,1,0,0,0,0,0,1,0,4,0,0,1,0,0,0
63870800,French (Canadian),2,1,May-04,Universite de Montreal,1,,,1,,,,,,,,,1,,1,,,,,0,0,1,1,1,1,0,0,1,0,1,1,0,1,0,0,1,0,0,0,0,1,0,1,1,1,0,1,1,1,1,1,0,1,1,1,1,0,0,1,1,1,0,1,0,0,1,0,0,1,0,1,1,1,3,5,0,0,0,1,0,0
63870813,English,1,1,Dec-10,Western University,1,,,,1,,,1,,,1,,,,,,,1,,1,0,0,0,0,1,1,0,0,0,0,0,0,0,0,0,0,0,0,0,0,1,1,1,1,1,0,0,0,0,0,1,0,1,1,0,0,1,1,0,1,1,1,1,0,0,1,0,0,0,1,0,0,1,2,3,0,2,0,1,0,0
63870851,English,3,0,May-76,US Program,1,1,1,1,1,1,,,,,,1,,,,,,1,,0,0,0,1,1,1,1,1,0,0,1,1,1,1,0,0,1,0,0,0,0,1,0,0,1,0,1,1,0,1,1,0,0,0,1,1,0,0,0,1,1,0,0,1,0,0,0,0,0,0,1,0,1,1,0,0,0,0,0,0,0,0
63871111,English,1,1,Apr-16,McGill University,1,,,,,,,,,,,,1,,,,,1,,0,1,1,0,1,1,0,0,1,0,0,0,1,1,1,0,1,0,0,0,0,1,0,1,1,1,0,1,1,1,1,0,1,1,1,1,1,1,1,1,1,1,0,0,1,1,1,1,0,0,0,0,0,1,0,3,0,5,0,0,0,0
63871297,English,1,0,Apr-15,University of Toronto,1,,,,,,,,1,,,,1,,,,,1,,0,0,1,1,1,1,1,1,0,1,0,1,0,1,0,1,0,0,0,0,1,0,1,0,1,1,0,1,1,1,1,0,1,1,1,1,1,1,1,1,1,1,1,1,1,0,1,1,0,0,0,1,0,1,0,2,0,0,0,0,0,0
63871331,French (Canadian),3,0,May-14,Universite de Montreal,,,,,,,,,,,1,,,,,,,1,,0,0,0,0,0,1,0,0,0,1,0,0,1,1,0,0,0,1,0,0,0,0,0,0,0,0,1,1,1,1,0,1,0,1,0,0,0,1,0,0,0,0,0,0,0,0,0,0,0,1,0,0,1,1,0,1,0,2,0,0,0,0
63871415,English,1,1,Apr-02,University of Toronto,1,,,,,1,,,,,,,1,,,,,1,,0,1,1,1,1,1,1,0,1,0,1,1,1,1,1,1,1,0,1,0,0,1,1,1,0,1,1,1,0,1,0,1,1,1,1,1,0,1,0,1,1,1,0,1,1,1,1,1,0,0,1,0,0,1,0,3,0,0,0,0,0,0
63871938,English,2,1,May-01,University of British Columbia,1,,,,,,,,,,,,1,,,,,1,,0,1,1,1,1,1,1,1,1,1,0,1,0,1,0,1,1,0,0,0,0,0,1,0,0,1,1,1,1,0,0,1,0,1,0,1,1,1,0,1,1,1,0,1,1,0,1,1,1,0,0,0,0,0,3,5,1,2,0,1,0,0
63871973,English,3,1,Jun-04,Universite de Montreal,1,,,,1,,,,,,,,1,,,,,1,,0,0,1,0,1,1,1,0,1,0,1,1,1,1,0,0,1,0,1,0,1,1,0,0,1,0,1,1,1,1,1,1,1,1,0,1,0,1,1,1,1,1,1,1,1,1,1,0,0,0,1,0,0,1,0,3,1,1,0,0,0,0
63872184,French (Canadian),1,1,Feb-09,Universite de Montreal,1,1,,,1,1,,,1,1,,,,,,,,1,,0,1,1,0,1,1,0,0,0,0,0,1,0,1,0,1,1,0,0,0,0,0,1,0,1,0,0,1,0,1,1,1,1,1,1,1,1,0,1,1,1,1,1,1,1,1,1,1,1,1,1,0,1,1,0,0,0,0,0,0,0,0
63872830,French (Canadian),2,1,Apr-16,Universite de Montreal,1,,,,,,,,,,,,1,,,,,1,,,,,,,1,,,,1,,,,,,,0,,,,0,,,,,,,,,1,0,,,,,,,0,,,,,,,,,,,,1,,,0,,0,0,0,1,0,0,0,0
63873056,English,3,1,May-94,Dalhousie University,,1,,,,,,,,,,,1,,,,,1,,0,1,0,1,1,1,1,1,1,1,1,1,1,1,1,1,1,1,1,1,1,1,1,1,1,1,1,1,1,1,1,1,1,1,1,1,1,1,1,0,1,1,1,1,1,1,1,1,0,0,0,0,1,1,0,4,1,3,1,0,0,0
63873273,English,1,1,Jun-08,McGill University,,,,1,,,,,,,1,,,,,,,1,,0,,1,1,1,1,1,1,1,1,1,1,1,1,0,1,1,0,0,0,0,1,1,1,1,0,1,1,1,1,1,1,1,1,1,1,1,1,1,1,1,1,1,1,1,1,1,1,0,0,1,0,0,1,1,2,2,7,0,0,0,0
63873717,English,2,1,May-04,Western University,1,,,,1,,,,,,1,,,,,,,1,,0,0,0,0,1,1,1,1,0,0,0,0,0,0,0,0,0,0,0,0,0,0,1,0,1,0,1,1,1,1,1,1,0,1,0,0,1,1,1,1,1,0,1,0,0,0,0,1,0,0,0,1,0,0,0,2,0,0,0,0,0,0
63873785,French (Canadian),2,0,Jun-89,University of Toronto,1,,,,,,,,,,,,1,,,,,1,,0,1,1,1,1,1,0,0,0,0,1,1,1,1,0,0,1,1,0,0,0,1,1,1,1,0,0,1,1,1,1,1,1,1,1,1,1,0,1,1,1,1,1,0,1,1,1,0,0,0,0,1,1,1,0,2,0,2,1,0,0,1
63874007,English,1,1,Jun-09,University of Toronto,1,,,,1,,,,,,1,,1,,,1,,,,0,1,0,0,1,1,0,1,1,1,0,1,0,1,0,0,1,1,0,0,0,0,1,0,0,0,0,1,1,1,1,0,1,1,1,1,1,1,1,1,1,1,1,0,0,0,1,1,0,0,0,0,0,1,0,1,1,0,0,0,0,0
63874968,English,2,1,Apr-96,McGill University,,1,,1,,,,,,,,,1,,,,,1,,0,0,0,0,1,1,1,1,1,0,1,1,1,1,0,1,1,0,1,0,0,1,1,1,1,0,1,1,1,1,1,1,0,1,1,1,1,1,1,1,1,1,1,1,0,0,1,0,0,0,0,0,0,0,0,27,0,0,2,0,0,0
63875063,French (Canadian),1,0,Jun-14,Universite de Montreal,1,,,,,,,,,,,,1,,,,,1,,0,0,0,0,0,1,0,0,0,0,0,0,0,0,0,0,0,0,0,0,0,0,1,0,0,0,0,0,0,0,0,0,0,0,0,0,0,0,0,0,0,0,0,0,0,0,0,0,0,0,0,0,0,0,0,0,0,0,0,0,0,0
63875962,French (Canadian),1,0,Apr-15,Universite de Montreal,1,,,,,,,,,,,,1,,,,,1,,0,1,0,0,0,1,0,0,0,0,0,0,0,0,0,0,0,0,0,0,0,0,0,0,0,0,0,0,0,0,0,0,0,0,0,0,0,0,0,0,0,0,0,0,0,0,0,0,0,0,0,0,0,1,0,0,0,0,0,0,0,0
63876914,English,3,1,May-07,Dalhousie University,1,,,,,,,,,,,,1,,,,,1,,0,0,0,0,0,1,0,0,0,0,0,0,0,1,0,0,1,0,0,0,0,0,0,0,1,0,1,1,1,1,1,0,0,1,1,1,0,0,0,1,1,1,1,1,0,0,1,0,0,0,0,0,0,1,0,0,0,0,0,0,0,0
63877833,English,1,1,Apr-09,University of British Columbia,1,,,,1,,,,,1,,,,,,,,1,,0,1,1,1,1,1,0,0,1,1,0,0,0,1,0,1,1,1,0,0,1,0,1,1,1,1,0,1,0,0,1,1,0,1,0,0,1,1,1,1,1,1,1,1,1,1,1,0,1,0,1,0,0,1,8,12,0,2,10,1,0,0
63877934,English,1,1,Jan-94,US Program,1,1,,,1,,,,,,,,1,,,,,1,,0,1,1,1,1,1,0,1,1,0,1,1,1,1,1,1,1,1,1,0,0,1,0,1,1,1,1,1,1,1,1,1,1,1,1,1,1,0,1,1,1,1,1,1,1,1,1,1,0,0,0,0,1,1,1,8,4,1,0,1,0,0
63878603,English,2,0,Apr-15,Universite de Montreal,1,,,,,,,,,,,,1,,,1,,,,0,1,1,1,1,1,1,1,1,0,1,1,0,1,0,0,1,0,0,0,0,0,1,1,1,1,0,1,1,1,1,1,1,1,1,1,1,0,0,1,1,1,1,1,0,0,1,1,0,0,0,0,0,1,0,1,0,2,0,0,0,0
63878822,French (Canadian),3,1,Apr-07,Universite de Montreal,1,,,,,,,,,1,,,,,,,,,,0,1,0,0,0,1,0,0,0,0,0,0,0,0,0,0,0,0,0,0,0,0,0,0,1,0,0,1,1,1,1,0,0,1,0,1,0,0,0,1,1,0,0,0,0,0,0,0,1,1,0,1,0,0,0,1,0,1,0,0,1,0
63878924,English,1,1,Apr-13,Dalhousie University,1,1,,,,1,,,,,,,1,,,,,1,,0,1,1,1,1,1,1,1,1,1,1,1,1,1,0,0,1,0,0,0,0,0,0,1,0,0,1,1,1,1,1,1,1,1,1,1,1,0,1,1,1,1,1,1,1,1,1,1,0,0,1,0,0,1,1,10,0,0,0,1,0,0
63880036,English,1,1,Apr-09,University of Toronto,1,,,,1,,,,,,1,,,,,,,1,,0,0,1,0,1,1,1,1,1,0,0,1,0,1,0,1,0,0,0,0,0,0,1,0,1,0,0,1,0,1,1,1,0,0,0,1,1,1,0,1,1,0,0,0,0,0,1,1,0,0,0,0,0,0,3,8,0,0,0,0,0,0
63880122,English,3,1,Apr-93,University of Alberta,1,1,,1,,,,,,1,,,,,,,,1,,0,1,1,1,1,1,1,1,1,1,0,1,1,1,0,1,1,0,0,0,0,1,1,1,1,1,1,1,1,1,1,1,1,1,1,1,1,1,1,1,1,1,1,1,1,1,1,1,0,0,0,0,0,1,0,4,1,25,5,0,0,1
63880472,English,2,1,Apr-96,University of Toronto,1,1,,1,1,,,,,,1,,,,,,,1,,1,1,1,1,1,1,1,1,1,1,0,1,0,0,0,1,1,0,1,0,1,1,0,0,1,1,1,1,1,0,0,1,1,1,1,1,1,1,0,1,0,1,1,0,1,1,0,1,1,0,0,0,0,1,0,2,0,2,0,0,0,0
63880707,English,2,1,Jan-05,University of Toronto,1,1,,,,,,,,,,,1,,,,,1,,0,1,1,1,1,1,1,1,1,1,1,1,1,1,1,1,1,1,1,0,1,1,1,0,1,1,1,1,1,1,1,1,1,1,1,1,0,1,1,1,0,1,1,1,1,1,1,0,1,0,1,0,0,1,0,4,0,1,1,1,0,0
63880720,English,1,1,Apr-84,Dalhousie University,,,,,,,,,,,,,1,,,,,1,,0,0,0,0,1,1,1,0,1,1,0,1,1,1,1,0,1,1,0,0,0,0,1,1,0,1,1,1,0,1,1,1,1,1,0,1,1,1,1,1,1,1,1,1,0,1,1,1,0,0,0,1,1,1,2,5,1,0,6,0,0,0
63881024,English,2,1,Apr-16,McGill University,1,1,,,,,,,,,,1,,,,,1,,,0,1,1,1,1,1,1,1,1,1,0,0,0,1,1,1,0,0,0,0,0,0,1,0,1,1,1,1,1,1,1,1,1,1,1,1,1,0,1,1,1,1,1,1,0,1,1,1,0,0,0,1,0,1,1,2,0,0,1,0,0,1
63882100,English,2,1,Apr-01,Western University,1,,,,1,,,,,,,,1,,,,,1,,1,1,0,0,1,1,1,1,1,1,1,1,1,1,1,1,0,0,1,1,1,1,1,0,0,0,0,1,1,0,0,1,0,1,0,1,1,1,1,0,1,1,1,1,0,0,1,0,1,0,0,0,0,0,0,3,1,5,2,0,0,0
63882263,English,2,0,Jun-96,University of Toronto,1,,,,,,,,,,,,1,,,,,1,,0,0,0,0,1,1,1,1,0,1,0,0,0,1,0,0,0,0,0,0,0,0,1,0,0,0,1,1,0,1,1,0,1,1,0,0,1,1,1,1,1,1,0,0,1,1,0,0,1,0,1,0,1,0,2,0,0,0,2,0,0,0
63882455,English,2,0,Sep-04,University of Toronto,1,,,,,,,,,1,,,,,,,,1,,0,0,0,0,0,1,1,0,0,1,0,0,0,0,0,0,0,0,0,0,0,0,0,1,1,0,0,0,0,1,1,1,0,0,0,0,0,1,1,0,0,1,1,0,1,1,1,0,0,0,0,0,0,0,0,1,0,0,0,0,0,0
63882618,French (Canadian),2,0,Jul-14,Universite de Montreal,1,1,1,,,,,,,,,,,1,,,,1,,0,1,1,1,1,1,1,0,1,0,0,1,0,0,0,1,0,0,0,0,0,0,0,0,0,1,1,1,1,1,1,1,1,1,1,0,1,0,0,0,0,,0,1,0,1,0,1,0,0,0,0,0,1,1,0,1,1,1,0,0,0
63883006,French (Canadian),2,1,May-09,Universite de Montreal,1,,,,,,,,,,,,1,,,,,1,,1,0,0,0,1,1,1,0,0,1,1,1,0,0,0,0,0,0,0,0,0,0,0,1,0,0,1,0,0,0,0,1,0,0,1,0,1,1,0,0,1,0,0,1,1,0,1,1,0,0,0,0,0,0,0,1,0,0,0,0,0,0
63883344,English,1,1,Apr-05,University of Toronto,,,,,,,,,1,,,,1,,,,,,1,0,1,1,1,1,1,1,1,1,0,0,1,1,1,0,0,0,0,0,0,0,0,1,1,0,0,0,1,1,0,0,1,0,1,0,1,0,1,1,1,1,1,1,1,0,1,1,1,0,0,0,0,0,1,2,15,2,1,3,1,0,0
63883598,French (Canadian),2,1,May-05,Universite de Montreal,,,,,,,,,,1,,,,,,,,1,,0,0,0,0,,1,0,0,0,0,0,0,,,,0,0,0,0,0,0,0,1,,,0,,1,,1,,0,,,,,,0,0,0,1,,,1,,0,1,,0,,0,,,0,0,0,0,0,0,0,0,0
63883793,English,1,1,Jun-11,University of Alberta,1,,,,1,1,,,,,,,1,,,,,1,,1,0,1,1,1,1,1,0,1,1,0,1,1,1,1,0,1,1,0,0,0,1,1,0,1,1,0,0,0,0,1,1,1,1,1,1,1,1,1,1,1,1,1,1,1,1,1,1,1,1,1,1,0,0,3,2,0,0,2,0,0,0
63884635,English,2,0,Jun-06,"Other, please specify...",,,1,,,,,,,1,,,,,,,,1,,0,0,1,0,1,0,1,1,0,1,1,1,0,0,0,1,1,0,0,0,0,1,0,1,0,1,1,1,0,1,1,1,1,1,1,1,1,1,1,0,1,1,1,1,1,0,1,1,0,0,1,0,0,1,0,1,0,1,0,0,0,0
63884921,French (Canadian),2,1,Oct-04,Universite de Montreal,1,,1,,,,,,1,,,,1,,,,,1,,0,1,1,0,1,1,0,0,1,0,0,1,0,1,1,1,1,0,0,0,1,0,0,0,1,0,0,1,1,1,1,0,1,1,1,1,1,0,0,1,1,1,0,1,0,0,1,1,0,0,0,0,0,1,0,2,0,0,1,0,0,0
63885099,English,3,1,Oct-05,"Other, please specify...",,1,1,,,,,,,,,,1,,,,,1,,1,1,0,0,1,1,1,1,1,1,1,1,1,1,1,0,1,0,1,0,1,0,1,1,1,1,1,1,0,1,1,1,1,1,1,1,1,1,1,1,0,1,1,0,0,0,1,1,1,0,0,1,1,1,0,8,0,1,1,0,0,0
63885588,English,2,1,Apr-15,Western University,1,,,,,,,,,,,,1,,,,,1,,0,1,1,0,1,1,1,1,1,1,1,1,1,1,1,1,1,0,0,0,0,1,1,1,1,0,1,1,1,0,1,1,1,1,0,1,1,1,1,1,1,1,1,1,1,0,1,1,0,0,0,0,0,1,0,2,0,1,1,0,0,0
63887693,English,1,0,Dec-96,University of British Columbia,1,,,1,1,,,,1,,,,1,,,,,1,,0,0,1,1,1,1,1,0,1,1,1,1,0,1,1,0,1,1,1,0,0,0,1,1,1,0,1,1,1,0,0,0,1,1,1,1,,1,1,1,1,1,1,1,0,0,1,1,0,0,0,0,1,0,2,1,0,0,2,0,0,0
63887950,English,3,1,Apr-85,University of British Columbia,,,,,,,,,,1,,,,,,,,1,,0,1,1,1,1,1,1,1,1,1,1,1,1,1,1,1,1,0,0,0,0,1,0,1,1,0,1,1,1,1,1,1,1,1,1,1,1,1,1,1,1,1,1,1,1,1,1,1,0,0,0,1,1,1,0,3,1,3,8,3,2,0
63888155,English,1,1,May-89,US Program,1,1,,,,,,,1,,,,1,,,,,1,,0,1,1,1,1,1,1,1,1,1,1,1,1,1,1,0,1,1,0,0,1,1,1,1,1,1,1,1,0,1,1,1,1,1,1,1,1,1,1,1,1,1,1,1,0,1,1,1,1,0,0,1,1,1,10,20,3,15,5,2,0,1
63888255,English,1,1,May-08,Western University,1,1,,,1,,,1,,,,,1,,,,,1,,1,1,0,0,1,1,1,1,1,1,0,1,1,1,0,1,1,1,0,0,0,1,1,0,1,1,0,1,1,1,1,1,1,1,1,1,0,1,1,1,1,1,0,1,0,0,1,1,0,0,1,0,0,1,4,15,0,5,2,0,0,0
63888323,English,1,1,Jun-00,Western University,1,,,,,,,,1,,,,1,,,,,1,,1,0,1,1,0,1,1,1,1,1,1,1,1,1,1,1,1,1,1,0,0,1,1,1,1,0,1,1,0,1,1,1,1,1,1,1,1,1,1,1,0,1,1,1,0,1,1,1,1,0,1,0,0,0,8,3,9,4,3,0,0,0
63888350,French (Canadian),2,1,May-07,McGill University,1,1,,1,1,1,1,1,,1,,,,,,,1,,,0,1,1,1,1,1,1,1,1,1,1,1,1,1,1,1,1,1,1,0,1,1,1,1,1,0,1,1,1,1,1,1,1,1,1,1,1,1,1,1,1,1,1,1,1,1,1,1,1,0,0,1,1,1,2,5,3,1,4,0,0,0
63888553,English,3,1,Dec-10,Western University,1,1,,,1,,,,,,1,,,,,,,1,,0,1,1,1,1,1,0,1,1,0,1,1,0,1,0,1,1,0,0,0,1,1,1,0,1,1,0,1,1,1,1,1,1,1,1,1,0,1,1,1,1,1,1,1,1,1,1,1,0,0,0,0,0,0,0,1,1,1,0,0,0,0
63889419,English,1,0,Apr-11,Western University,1,,,,,1,,,,,,,1,,,,,1,,1,0,1,1,1,1,1,1,1,1,0,0,1,1,0,1,0,1,0,0,0,0,1,0,1,1,1,1,1,0,1,1,0,1,1,1,1,1,1,1,1,1,1,1,1,1,1,0,0,0,0,1,0,1,0,3,0,2,0,1,0,0
63889434,French (Canadian),2,1,Apr-05,Universite de Montreal,1,,,,,,,,,,,,1,,,,,1,,0,0,0,0,0,1,0,1,0,0,0,0,1,0,1,0,1,0,0,0,0,0,1,0,0,0,0,1,1,1,1,1,1,1,1,1,1,0,0,1,0,1,1,1,0,0,0,1,0,0,0,0,1,1,1,2,0,0,1,0,0,0
63890150,English,2,1,May-01,University of Toronto,1,,,1,1,,1,,,,1,,,,,,,,1,1,0,1,0,1,1,1,1,1,1,1,1,1,1,1,1,1,1,1,0,0,1,1,1,1,1,1,1,1,1,1,1,1,1,0,1,1,1,1,1,1,1,1,1,0,0,1,1,1,0,1,1,1,1,1,5,0,4,1,0,0,0
63890178,English,1,1,May-12,Western University,1,1,1,,,,,,1,1,,,,,,,,1,,0,1,1,1,1,1,1,1,1,,0,0,0,0,0,1,0,0,0,0,0,1,1,1,1,0,1,1,1,1,1,1,1,1,1,1,1,1,1,1,1,1,1,1,1,1,1,1,0,0,1,1,0,1,5,0,0,1,1,0,0,0
63890191,English,3,1,Aug-08,Western University,1,,,,1,,,,,,,,1,,,,,1,,1,1,1,1,1,1,1,1,1,0,0,1,0,1,1,1,1,0,0,0,1,0,1,0,1,0,1,1,1,0,0,1,0,1,0,1,1,1,1,1,1,1,1,1,1,1,1,0,1,0,0,1,1,1,0,6,0,36,7,2,0,0
63891183,English,1,1,Jun-03,University of Alberta,1,,,,1,,,,,,,,1,,,,,1,,0,1,1,1,1,1,1,1,1,1,0,1,1,0,0,0,1,0,0,0,0,1,1,1,1,1,1,1,0,1,1,0,1,1,1,1,1,1,1,1,1,1,1,1,1,1,1,1,,0,1,0,0,0,10,12,8,1,13,2,0,0
63891907,English,3,0,Jun-11,University of British Columbia,1,,,,,1,,,,,1,,,,,,,1,,1,0,0,0,1,1,0,0,0,0,0,0,1,0,0,0,0,0,0,0,0,0,0,0,0,0,0,0,0,1,0,0,0,1,0,0,1,0,0,0,1,0,0,1,0,0,1,1,0,0,0,0,0,0,1,1,0,0,1,0,0,0
63893082,English,3,1,Dec-15,Western University,1,,,,,,,,,1,,,,,,,,1,,0,1,1,1,1,1,1,1,0,1,0,1,0,1,1,1,0,0,0,0,0,0,1,0,0,0,1,1,1,1,1,0,1,1,1,1,1,1,1,1,1,1,1,1,1,0,1,1,0,0,0,1,0,0,0,0,0,0,0,0,0,0
63893755,English,1,0,May-13,US Program,1,,,,,,,,,,,,1,,,,,1,,0,1,1,1,1,1,1,1,1,1,0,0,0,0,0,1,0,0,0,0,0,0,1,0,1,1,0,1,1,1,1,1,1,1,0,0,1,1,0,1,1,1,1,1,0,0,0,1,0,0,0,1,0,1,0,6,0,0,0,0,0,0
63894284,English,3,1,Dec-88,Western University,1,,,,1,,,,,,,,1,,,,,1,,1,0,0,0,0,1,0,0,1,0,0,1,1,1,0,0,0,0,1,1,1,0,0,0,1,1,1,0,0,0,0,1,1,1,0,1,0,1,0,1,0,0,0,1,0,1,1,0,0,0,0,0,1,0,0,1,0,0,0,1,0,0
63894349,English,1,1,Apr-95,University of Alberta,1,,,,,1,,,,1,,,,,,,,1,,1,0,0,0,0,0,1,1,0,0,0,0,0,0,0,0,1,0,1,0,0,0,1,0,1,0,0,1,1,0,0,1,1,1,0,1,0,1,1,1,0,1,0,0,0,0,0,0,1,0,0,0,1,0,0,0,0,1,0,0,0,0
63894441,English,1,1,Apr-06,Dalhousie University,1,,,,,,,,,,,,1,,,,,1,,0,0,1,0,1,1,1,0,1,1,0,1,0,1,0,0,1,1,0,0,1,1,1,0,1,1,1,1,0,1,1,1,1,0,1,1,1,1,0,1,1,1,0,1,1,1,0,1,1,0,1,0,1,1,0,3,0,0,1,0,0,0
63894992,English,1,1,May-08,Western University,1,,,,,,,,,,,,1,,,,,1,,0,0,0,0,0,0,0,1,0,0,0,0,0,1,0,0,0,0,0,0,0,0,0,0,0,0,0,1,1,1,1,1,1,1,0,1,1,1,1,0,1,1,1,1,1,1,0,1,0,0,1,0,0,0,0,0,0,1,0,0,0,0
63895401,English,3,1,Jul-13,Dalhousie University,1,,,,,,,,,,,,1,,,,,1,,0,0,0,0,0,0,1,1,1,0,1,1,0,1,1,0,0,0,0,0,0,1,0,0,1,0,0,1,0,1,0,1,1,0,1,1,1,1,1,1,1,1,1,1,0,0,1,1,0,0,0,0,0,1,0,1,0,0,0,0,0,0
63896543,English,3,1,Aug-10,Western University,1,,,,,,,,,,1,,,,,,,1,,0,1,1,1,1,1,1,0,1,1,1,1,1,1,1,0,0,0,0,0,0,0,0,0,1,0,0,0,0,0,0,1,1,1,0,1,0,1,1,1,1,1,1,1,1,0,1,1,0,0,0,0,0,1,0,3,0,2,0,0,0,0
63897072,English,1,1,May-10,University of Alberta,1,1,,,,,,,,,,,1,,,,,1,,0,1,0,0,0,1,0,0,0,1,1,1,1,1,0,0,1,0,0,0,0,0,0,0,0,0,1,1,1,1,0,1,1,1,1,0,1,0,0,1,1,1,1,1,1,1,1,0,0,0,1,1,0,1,3,24,0,2,1,0,0,0
63897475,French (Canadian),1,1,Apr-08,Universite de Montreal,1,,,,,,,,,1,,,,,,,,1,,0,1,0,0,1,1,0,1,0,1,1,1,1,1,1,0,0,0,0,0,0,0,1,0,1,0,1,1,1,1,1,1,0,1,1,1,1,0,0,1,1,1,1,1,1,1,1,1,0,0,0,1,1,1,3,6,9,4,2,0,0,0
63897844,English,1,1,May-11,University of British Columbia,1,,,,,,,,,,,,1,,,,,1,,0,0,0,0,1,1,0,1,1,0,0,0,1,1,0,0,1,0,0,0,0,0,0,0,0,0,0,1,1,0,0,1,1,1,0,1,1,0,1,1,1,1,1,1,1,0,1,0,1,0,0,0,0,0,2,11,3,1,1,1,0,0
63897877,English,1,1,,University of Toronto,1,,,,,,,,,,,,1,,,,,1,,0,1,1,1,1,1,1,0,1,1,0,1,0,1,0,0,0,0,0,1,0,0,1,1,1,1,0,1,0,1,1,1,1,1,1,0,1,1,1,1,1,1,1,1,0,0,1,1,1,0,0,0,0,1,4,6,1,1,0,0,0,0
63897961,French (Canadian),1,1,Apr-04,McGill University,,,,,,,,,,,,,1,,,,,1,,0,0,0,0,0,1,0,0,0,0,0,0,0,0,0,0,0,0,0,0,0,0,0,0,0,0,0,0,0,0,0,0,0,0,0,0,0,0,0,0,0,0,0,0,0,0,0,0,0,0,0,0,0,1,0,0,0,0,0,0,0,0
63898083,French (Canadian),2,1,Apr-91,Universite de Montreal,,,,,,,,,,,,,1,,,,,1,,0,0,0,0,0,1,0,0,0,0,0,0,0,0,0,0,0,0,0,0,0,0,0,0,0,0,0,0,0,1,0,0,0,0,0,0,0,0,0,0,0,0,0,0,0,0,0,0,0,0,0,0,0,0,0,2,0,0,0,0,0,0
63898614,English,2,1,Jul-00,Western University,1,,,,1,,,,1,,,,1,,,,,1,,1,0,1,0,1,1,1,1,1,1,1,1,1,1,1,1,1,1,0,0,0,1,1,1,1,0,1,1,1,1,1,1,0,1,1,0,1,1,1,1,1,1,1,1,0,1,1,0,1,0,0,0,0,1,1,12,0,3,3,0,0,1
63900055,English,2,1,Apr-90,University of British Columbia,1,,,1,1,1,1,,,,,,1,,,,,1,,1,0,0,0,1,1,1,0,1,0,0,1,1,1,0,0,1,0,1,0,1,1,0,1,1,1,1,0,1,0,0,0,1,1,1,1,1,0,1,1,1,1,0,1,1,1,1,1,1,,1,0,1,1,2,1,0,0,1,0,0,0
63902787,English,2,1,Aug-94,Western University,1,,,,1,1,,,,,1,,,,,,,1,1,0,1,1,1,1,1,0,0,1,0,1,1,0,1,0,1,0,1,1,0,0,0,0,1,1,0,0,1,1,1,1,1,0,1,1,1,,0,0,1,1,1,0,1,1,1,1,0,0,0,0,0,0,1,5,4,1,1,0,1,0,0
63902889,English,2,1,May-79,University of Toronto,1,,,1,,,,,,1,,,,,,,1,,,0,1,1,1,1,1,1,1,1,1,1,1,1,1,1,1,1,1,1,1,0,1,1,1,1,1,1,1,1,1,1,1,1,1,1,1,1,1,1,1,1,1,1,1,1,1,1,1,1,0,1,1,1,1,2,10,3,5,2,2,1,0
63903240,English,1,1,May-10,McGill University,1,,,,,1,,,1,,,,1,,,,,1,,0,1,1,1,1,1,1,1,1,1,1,1,1,1,1,1,1,1,0,1,1,1,1,1,1,1,1,1,1,1,1,1,1,1,1,1,1,1,1,1,1,1,1,1,1,1,1,1,1,1,1,0,0,1,2,13,0,16,3,1,0,0
63904583,English,3,1,Jun-72,University of Toronto,1,,,,,,,,,,1,,,,,,,1,,0,1,1,1,1,1,1,1,1,1,1,1,0,0,1,1,1,0,1,1,1,1,1,1,1,1,1,1,1,1,1,0,1,1,0,1,1,1,1,1,1,1,1,1,1,1,1,1,1,0,0,1,1,1,0,0,0,0,5,0,0,0
63905268,English,1,1,Dec-10,Western University,1,,,,1,,,,1,1,,,,,,,,1,,0,1,1,1,1,1,0,1,1,0,1,1,1,1,1,0,0,1,0,0,0,0,1,1,1,1,0,1,1,1,1,1,1,1,1,1,1,0,1,1,1,1,1,1,1,1,1,1,0,0,0,0,0,1,0,19,0,5,2,0,0,0
63909214,English,3,1,May-05,University of Toronto,1,,,,1,,,,,,1,,,,,,,1,,0,0,1,0,1,1,1,1,1,1,0,1,1,1,1,0,1,1,0,0,1,0,1,0,1,1,1,1,0,0,1,0,1,1,1,1,1,0,0,1,1,1,0,1,0,0,1,1,0,0,1,1,1,1,0,1,0,0,1,0,0,0
63909496,English,1,1,May-07,McGill University,1,,,,1,,,,,,,,1,,,,,1,,0,1,1,1,1,1,1,1,1,1,1,1,1,1,1,1,1,1,1,0,0,1,1,1,0,1,1,1,1,1,1,1,1,1,0,1,1,1,1,1,1,1,1,1,0,1,1,1,1,0,1,1,1,0,1,3,0,0,3,1,0,0
63909942,English,1,1,May-95,University of Alberta,1,,,1,1,,,,,,,,1,,,,1,,,0,1,1,0,1,1,1,0,1,1,0,1,0,1,0,1,1,1,1,0,0,0,1,0,1,1,1,1,0,1,1,1,1,1,1,1,1,1,1,1,1,1,1,0,1,1,1,1,1,0,0,0,1,1,2,10,1,2,0,1,0,0
63911593,English,1,1,Apr-92,Western University,1,,,,,1,,,,,,,1,,,,,1,,1,0,1,0,1,1,1,0,0,1,0,1,0,0,1,1,0,1,1,0,0,0,1,0,0,1,1,0,0,0,1,1,1,1,0,0,0,1,1,0,1,0,1,1,0,0,1,1,1,0,0,0,0,0,2,2,0,0,3,0,0,0
63912120,English,3,0,Apr-91,University of Toronto,1,1,,1,,,,,,1,,,,,,,,1,,0,0,0,0,0,1,0,0,0,0,0,0,0,0,0,0,0,0,0,0,0,0,0,0,0,0,0,1,1,1,0,1,0,0,0,0,0,0,0,0,0,0,0,0,0,0,0,0,0,0,0,0,1,1,0,0,0,0,0,0,0,0
63912445,English,1,1,Jun-10,University of Toronto,1,,,,1,,,,,,,,1,,,,,1,,0,1,1,1,1,1,1,0,0,0,0,1,0,0,1,0,0,1,0,0,1,0,1,1,0,1,0,1,1,0,0,1,1,1,1,1,0,1,1,1,1,1,1,1,1,1,1,1,1,0,0,1,0,0,0,4,2,0,0,0,0,0
63912518,English,3,0,Jun-10,University of Alberta,1,,,,,,,,,,,,1,,,,,1,,0,1,1,1,1,1,1,1,1,1,0,1,0,1,1,1,0,0,0,0,0,1,1,0,1,1,1,1,0,1,0,1,1,1,1,1,1,1,1,1,1,1,1,1,1,0,1,1,0,0,0,1,0,1,0,6,2,1,2,0,0,0
63913559,French (Canadian),2,0,Jun-15,Universite de Montreal,1,1,,,,,,,,1,,,,,,,,,,0,0,0,1,1,1,1,1,1,0,0,1,0,1,0,1,1,0,0,0,0,1,0,0,1,0,1,1,1,1,1,1,1,1,1,1,1,0,0,1,1,0,0,1,0,1,1,1,0,0,1,0,1,1,0,0,0,4,0,0,0,0
63914143,English,1,1,Dec-03,Western University,1,,,,,,,,,,1,,,,,,,1,,0,1,1,1,1,1,1,1,1,1,1,1,1,1,1,1,1,1,1,0,0,1,1,1,1,1,0,1,0,1,1,1,1,1,1,1,1,1,1,1,1,1,1,1,0,0,1,1,1,0,0,1,1,1,2,2,0,1,1,0,0,0
63918247,French (Canadian),2,1,Apr-11,Universite de Montreal,1,,,,,,,,,,,,1,,,,,1,,0,1,1,1,1,1,1,1,0,1,0,1,0,1,0,1,1,0,0,1,0,0,1,0,1,0,0,1,0,1,1,1,0,1,1,0,1,0,1,1,1,1,1,1,1,0,1,0,0,0,0,0,0,0,0,0,0,2,0,0,0,0
63918571,English,1,1,Apr-89,University of British Columbia,1,,,,1,,,,,,,,1,,,,,1,,1,0,1,0,1,1,1,0,1,1,0,1,1,0,0,0,0,1,1,0,1,0,1,0,1,1,1,0,0,0,0,1,0,0,1,1,0,1,1,0,0,0,0,1,0,0,0,0,1,0,0,0,0,0,2,2,0,0,3,0,0,0
63919768,English,1,1,Apr-01,University of Alberta,1,,,,1,,,,,,,,1,,,,,1,,0,0,0,0,1,1,0,0,1,0,0,0,0,1,0,0,1,0,0,0,0,0,1,0,0,0,1,1,1,1,1,1,1,1,0,1,1,1,0,1,0,0,0,0,0,0,0,1,1,0,0,0,1,1,0,6,1,2,1,2,0,1
63921352,English,1,1,May-00,University of Alberta,1,,,,1,1,,,,,,,1,,,,,1,,0,1,1,1,1,1,1,1,0,1,0,0,0,1,1,0,1,1,1,0,1,1,1,0,1,1,0,1,0,0,1,1,1,1,1,1,1,1,1,1,0,1,1,0,0,1,1,1,0,0,1,1,1,0,4,1,1,1,2,0,0,0
63923378,English,1,,Jun-02,University of Alberta,1,,,,1,1,,,,,,,1,,,,,1,,1,1,1,0,1,1,1,0,1,1,0,1,1,1,1,0,1,1,0,1,0,0,1,1,0,0,1,1,0,0,1,1,1,1,1,0,1,1,1,0,0,1,1,0,1,1,1,0,1,1,0,1,0,0,1,1,0,2,1,0,0,0
63925706,English,1,1,Sep-90,Western University,,,,,,,,,,,,,1,,,,,1,,1,0,0,0,1,0,1,0,0,0,0,1,0,0,0,0,0,0,0,0,0,0,1,1,0,1,1,0,0,0,0,1,0,0,0,0,0,1,0,0,0,1,0,1,0,0,0,0,0,0,0,0,1,1,0,3,1,0,1,0,0,0
63927191,English,1,1,Nov-12,University of Toronto,1,1,,,,,,,,,,,1,,,,,1,,0,0,0,0,0,1,0,0,0,0,0,0,0,1,0,0,0,0,0,0,0,0,0,1,1,0,0,1,1,1,0,0,1,1,0,0,1,1,1,0,0,0,1,0,0,0,0,0,0,0,0,1,0,0,1,0,1,2,1,0,0,0
63928964,French (Canadian),2,1,May-94,Universite de Montreal,1,,,,,,,,,1,,,,,,,,1,,,0,0,,,1,0,0,0,,0,,,,0,0,0,,0,,0,0,,0,,,,,,,,,,,,,,0,,,,,,,,,,,,,,,,,0,0,0,0,0,0,0,0
63939337,French (Canadian),1,1,May-91,McGill University,1,,,,1,,,,,,,,1,,,,,1,,0,0,0,0,1,1,1,1,1,0,0,1,1,1,0,0,0,1,0,0,1,1,0,0,1,0,0,1,0,0,0,1,1,1,0,1,0,0,0,1,1,1,0,1,1,1,0,1,0,0,1,1,0,1,4,6,5,0,1,0,0,0
63940144,English,2,1,May-02,Dalhousie University,1,,,1,,,,,,1,,,,,,,,1,,0,1,0,0,1,1,0,0,1,0,0,1,1,1,0,0,1,0,1,0,0,0,1,0,1,1,0,1,1,1,0,0,1,1,1,1,1,0,0,1,1,1,0,1,0,0,1,0,0,0,0,0,0,1,0,4,1,1,0,0,0,0
63957412,English,2,1,Dec-13,Western University,1,1,,,,,,,,1,,,,,,,,1,,0,0,1,1,1,0,0,1,0,0,0,0,0,0,0,0,0,0,0,0,0,0,0,1,0,0,1,1,0,1,1,1,1,0,1,0,1,1,0,1,1,1,0,1,1,0,1,0,0,0,0,0,0,1,0,1,0,0,0,0,0,0
63964214,English,1,1,Apr-16,Western University,1,1,,1,,,,,,1,,,,,,,,1,,0,1,1,1,1,1,1,1,1,0,1,1,1,1,1,1,1,0,1,1,1,1,1,1,1,0,0,1,1,1,1,1,1,1,1,1,1,1,1,1,1,1,1,1,1,0,1,1,0,0,0,0,0,1,0,5,0,1,1,1,0,1
63968030,English,2,1,May-00,Universite de Montreal,,,,,,,,,,1,,,,,,,,1,,0,0,1,0,1,1,1,1,1,1,1,1,0,1,1,1,1,0,1,1,1,1,1,0,1,0,1,1,0,1,1,1,1,1,1,1,1,1,0,1,1,0,1,1,0,0,1,0,0,0,0,0,0,0,1,5,0,1,1,0,0,0
63969245,English,2,0,Dec-02,Western University,1,,,,,,,,,,,,1,,,,,1,,0,0,1,1,1,1,1,1,1,1,1,1,1,1,1,1,1,0,1,1,1,1,1,1,1,1,1,1,1,1,1,1,1,1,1,1,1,0,0,1,1,1,1,1,1,1,1,0,1,0,0,0,1,1,2,7,1,5,3,2,3,0
63970107,English,2,0,Apr-11,Western University,1,,,,,,,,,,,,1,,,,,1,,0,0,0,0,0,1,0,0,0,0,0,1,1,1,0,0,0,1,0,0,0,0,1,0,0,0,1,0,0,0,0,0,0,1,0,1,0,1,0,0,1,1,0,1,0,0,1,1,0,0,1,0,0,1,2,1,0,0,0,0,0,0
63970482,English,1,1,Apr-06,Western University,1,,,,1,,,,1,,,,1,,,,,,1,0,0,1,1,1,1,1,0,1,1,1,1,0,1,0,0,1,1,1,1,1,1,1,1,0,1,0,1,0,1,1,1,1,1,1,1,1,0,0,1,1,1,1,1,1,1,1,1,0,0,1,0,1,1,6,18,0,2,6,0,0,0
63971837,English,1,1,May-99,University of Alberta,1,,,,1,,,,1,1,,,,1,,,,1,,0,1,1,0,1,1,0,0,1,1,1,1,1,1,1,1,1,1,1,1,1,1,0,1,1,1,1,1,1,0,0,1,1,1,1,1,0,0,1,1,1,1,1,1,1,0,1,1,0,0,0,0,1,0,1,8,0,5,0,0,1,0
63973182,English,1,1,Apr-08,Dalhousie University,,,,,,,,,,,,,1,,,,,1,,0,0,0,0,0,1,1,1,0,1,0,1,1,1,0,0,0,0,0,0,0,0,1,0,0,0,1,0,1,1,1,0,0,1,1,0,1,1,1,0,1,1,1,1,0,0,1,0,0,0,1,0,0,1,1,1,0,2,1,0,0,0
63975439,English,1,1,Dec-03,Western University,1,,,,,1,,,,,1,,,,,,,1,,0,1,1,0,1,1,1,1,1,1,1,1,1,1,1,1,1,0,0,0,0,1,1,1,1,1,1,1,0,1,1,1,1,1,0,1,1,1,1,1,0,1,0,1,0,0,1,1,1,0,0,1,0,1,1,3,1,0,1,0,0,0
63976840,English,2,0,Aug-14,University of Toronto,1,,,,,,,,,,,,1,,,,,1,,0,1,0,0,0,1,0,1,0,0,0,0,0,0,0,0,0,0,0,0,0,0,0,0,0,0,0,,,0,0,,,,1,,0,1,,,,,,,,,,,0,0,1,0,0,1,0,0,0,0,0,0,0,0
63977177,English,1,1,Apr-94,Western University,1,,,,1,1,,,,,,,1,,,,,1,,1,1,1,1,1,1,1,0,1,1,0,1,1,1,0,0,0,1,0,,1,1,1,1,1,1,0,0,0,0,1,0,1,1,1,1,1,1,0,1,1,1,0,0,0,0,1,1,0,0,1,1,0,1,4,3,0,0,1,0,0,0
63977467,English,2,1,Dec-08,Western University,1,1,,,,1,,,,,1,,,,,,,1,,0,1,1,1,1,1,1,0,1,0,1,1,1,1,1,1,1,1,0,0,0,1,0,1,1,1,1,1,0,1,1,1,1,1,0,1,1,1,0,1,0,0,0,0,0,0,1,1,1,0,1,1,1,1,0,9,0,0,3,1,0,0
63978128,English,1,0,May-15,University of British Columbia,1,1,,,,,,,,,,,1,,,,,1,,0,1,1,1,1,1,0,0,1,0,0,0,0,1,0,1,1,0,0,0,0,1,0,1,1,0,0,1,1,1,1,1,1,1,1,1,0,0,1,1,1,,1,1,0,0,1,0,0,0,0,0,0,1,4,2,1,2,4,0,0,1
63979426,English,2,1,,Dalhousie University,1,1,,,,1,,,,,,,1,,,,,1,,0,1,1,0,1,1,1,1,1,1,1,1,0,1,1,1,1,0,0,0,0,1,1,1,1,1,1,1,1,1,1,1,1,1,1,1,1,1,1,1,1,1,1,1,0,0,1,1,1,0,1,1,0,1,1,1,0,0,0,0,0,0
63980251,English,1,1,Jan-93,Western University,1,,,,1,,,,1,,,,,1,,,,1,,0,1,1,1,1,1,1,0,1,1,1,0,1,1,0,0,1,0,0,0,0,1,0,0,1,1,0,1,1,1,0,1,1,1,1,1,0,1,0,1,1,0,0,1,0,1,0,1,1,0,0,0,0,1,1,2,0,0,2,0,0,0
63980603,English,2,0,Jun-97,University of British Columbia,1,,,,1,1,,,,,,,1,,,,,1,,0,0,1,0,1,1,0,0,1,0,0,1,0,1,0,0,1,1,0,0,0,1,1,1,1,1,0,1,1,1,1,1,1,1,1,1,0,0,0,1,1,1,0,1,0,0,1,1,0,1,0,1,1,0,1,2,0,0,1,0,0,0
63980866,English,2,1,May-09,University of Toronto,1,,,,,1,,,,1,,,,,,,,1,,0,1,1,1,1,1,1,0,1,1,0,0,1,1,0,0,1,1,0,0,0,1,1,1,0,1,1,1,1,0,1,1,1,1,1,1,1,0,1,1,0,1,1,1,1,0,1,1,0,0,0,0,1,0,1,3,0,0,1,0,0,0
63980886,English,2,1,Jun-03,University of Alberta,1,,,,,1,,,,,,,1,,,,,1,,1,1,1,0,1,1,1,1,1,0,1,1,0,0,1,0,1,1,1,0,0,1,1,1,1,0,1,0,0,0,1,1,1,0,0,1,1,1,0,1,0,1,1,1,0,0,1,1,0,0,0,1,0,1,0,10,1,2,0,0,0,0
63981259,English,1,1,Dec-08,McGill University,1,,,,1,1,,,,,,,1,,,,,1,,0,0,1,1,1,1,0,0,1,1,1,1,0,1,1,1,1,1,0,0,0,1,1,0,1,1,0,1,0,1,1,1,1,0,1,1,1,1,1,1,0,1,0,1,0,0,1,1,1,0,1,1,1,0,2,10,0,0,3,0,0,0
63981364,English,1,1,Apr-04,University of Alberta,1,1,,,1,1,,,,,1,,,,,,,1,,0,1,1,1,1,1,1,1,1,1,1,1,0,1,1,1,1,1,1,0,1,1,1,1,1,1,1,1,1,1,1,1,0,1,0,1,1,1,1,1,0,1,1,0,1,0,1,1,1,1,1,1,1,0,0,9,0,19,1,0,0,0
63982720,English,1,1,Dec-05,Western University,1,1,,,,,,,,,,,1,,1,,,,,1,0,0,0,1,1,1,1,1,1,0,1,0,0,0,1,0,0,1,0,0,1,1,0,1,0,1,1,1,0,1,1,0,1,1,1,0,1,1,1,1,1,1,1,1,0,1,0,1,0,0,0,0,0,0,4,0,1,2,0,0,0
63984642,English,2,1,Dec-94,University of Toronto,1,,,1,,,,,,,,1,,,,,,1,,0,1,1,1,1,1,1,1,1,0,1,1,1,1,1,1,1,0,1,0,1,1,0,1,1,1,1,1,1,1,1,1,1,1,1,1,1,1,1,1,1,1,1,1,1,1,1,1,1,0,0,1,1,1,0,4,1,1,2,1,0,0
63986096,English,2,0,Jun-01,US Program,1,,,1,,1,,,,,,,1,,,,,1,,0,0,1,0,1,0,1,1,0,0,1,1,1,1,1,1,0,0,0,0,0,0,0,1,0,1,1,1,0,1,1,0,1,1,0,0,1,0,1,0,1,1,0,1,0,0,1,1,0,0,0,1,0,0,0,0,0,0,0,0,0,0
63986518,English,1,1,Apr-04,Dalhousie University,1,,,,,,,,,,,,1,,,,,1,,0,1,1,0,1,1,1,1,1,1,0,1,0,1,1,1,1,1,0,0,0,1,1,0,1,1,1,1,1,1,1,1,1,1,1,1,1,1,1,1,0,1,1,1,0,0,1,1,0,0,1,1,1,1,1,3,1,0,1,0,0,0
63988841,English,1,0,Aug-03,Western University,1,,,,,,,,,,,,1,,,,,1,,0,0,0,0,0,1,0,0,0,0,0,0,0,0,0,0,0,0,0,0,0,0,0,0,0,0,0,0,0,1,0,1,0,0,0,0,0,0,0,0,0,0,0,0,0,0,0,0,0,0,0,0,0,1,1,1,0,0,0,0,0,0
63988984,English,2,1,Jun-05,Western University,1,1,,,,,,,,,,,,1,,,,1,,1,0,0,0,1,1,0,0,1,0,1,1,1,0,0,0,0,0,0,0,0,0,0,0,1,0,1,0,0,0,0,0,0,0,0,0,0,1,1,0,0,1,1,0,1,0,0,0,0,0,0,0,0,0,1,3,0,1,0,1,1,0
63989659,English,2,0,Jun-11,University of British Columbia,,,,,,,,,,,,,1,,,,,1,,0,1,1,0,1,1,1,1,0,1,0,0,0,0,1,1,0,1,0,0,0,0,0,0,1,0,1,1,1,1,1,0,0,1,1,1,1,0,0,1,1,1,1,1,0,0,1,1,0,0,0,0,0,0,0,0,0,0,0,0,0,0
63991420,English,1,1,May-98,Dalhousie University,1,,,,,,,1,,,,,1,,,,,,1,0,0,1,0,1,0,1,0,1,1,0,1,0,1,1,0,0,0,0,0,0,0,1,0,1,1,1,1,1,1,1,1,0,1,0,1,0,0,0,1,1,0,0,1,1,0,0,0,0,0,1,0,0,1,1,2,0,0,0,0,0,0
63991621,English,1,1,Sep-00,Western University,1,,,1,,,,,,,,1,,,,,,1,,0,1,1,1,1,1,1,1,1,0,0,0,0,0,0,1,1,0,1,0,1,0,1,1,1,0,1,1,1,1,1,1,1,1,1,1,1,0,1,1,1,1,1,1,1,0,1,1,0,0,0,1,1,1,0,0,0,0,3,0,1,0
63992874,French (Canadian),1,1,Jun-14,Universite de Montreal,1,,,,,,,,,1,,,,,,,,,,0,1,0,0,0,1,1,0,0,0,1,0,0,0,0,0,0,0,0,0,0,0,0,0,0,0,0,1,0,1,0,0,0,0,1,1,0,0,0,1,0,0,0,0,0,0,0,0,0,0,0,0,1,1,0,0,0,0,0,0,0,0
63995167,French (Canadian),2,1,Jun-11,Universite de Montreal,1,,,,,,,,,,,,1,,,,,1,,0,1,0,0,1,1,0,1,0,1,0,1,1,1,1,0,0,0,0,0,0,0,1,0,0,0,1,1,1,1,0,1,1,1,1,1,1,1,0,0,1,1,0,1,0,1,0,0,0,0,0,0,1,1,1,2,0,0,0,0,0,0
63995507,English,2,1,Apr-06,Western University,1,,,1,,1,,,,,,,1,,1,,,,,0,1,1,1,1,1,0,1,1,1,1,1,1,1,1,1,1,1,1,1,0,1,1,1,1,1,1,1,0,1,0,1,1,1,1,1,0,1,1,1,1,1,1,1,0,1,1,1,0,1,0,0,1,1,1,2,1,3,2,2,0,0
63995816,English,3,1,Jun-09,University of Alberta,1,1,,,1,,,,,1,,,,,,,,1,,0,1,1,1,1,1,1,1,1,1,0,1,0,1,0,1,1,1,0,0,0,1,1,1,1,1,0,1,1,1,0,1,1,1,1,1,0,1,1,1,1,1,1,1,1,1,1,1,0,0,0,0,0,1,0,9,0,0,2,1,0,0
63996163,English,1,1,Dec-05,Western University,,,,,,,,,,,,,,,,,,1,,1,0,1,1,1,0,1,0,1,1,0,1,0,0,1,1,1,1,0,0,0,0,1,0,0,1,1,0,0,0,,0,1,1,0,0,0,1,1,0,1,1,0,0,1,0,0,1,0,0,1,0,0,0,1,1,0,0,0,0,0,0
64000568,English,2,1,May-96,US Program,,,,1,1,1,,,,1,1,,,,,,,1,,0,1,0,0,0,1,0,1,1,0,0,0,0,1,0,0,0,1,0,0,0,1,0,0,1,0,1,1,0,1,0,1,1,1,0,1,0,1,0,1,0,0,0,0,0,0,0,0,0,1,0,0,0,0,0,2,0,0,0,0,0,0
64001334,English,1,1,May-86,University of Toronto,,,,,,,,,,,,,1,,,,,1,,0,0,1,0,0,1,1,0,0,0,0,0,0,0,0,0,0,0,0,0,0,0,0,0,0,1,1,0,0,0,0,1,0,0,0,0,0,1,0,0,0,0,0,0,0,1,0,0,0,0,0,1,0,0,1,4,0,0,0,0,0,0
64004414,English,1,1,Jun-03,University of Alberta,1,1,,1,,,1,,,,,1,,,,,,1,,0,0,0,0,1,1,1,1,1,0,1,1,0,1,0,0,1,0,1,0,0,1,1,1,1,1,1,1,1,1,1,1,1,1,1,1,1,1,0,1,1,1,0,1,0,0,1,0,0,1,0,1,1,1,1,5,1,0,0,1,0,0
64009322,English,1,1,Apr-13,University of Alberta,1,1,,,,,,,,,,,1,,,,,1,,0,0,0,0,0,1,1,0,1,1,0,1,0,1,0,0,0,0,0,0,0,0,0,0,0,0,0,1,1,1,0,1,1,1,1,1,1,1,1,1,1,1,1,1,0,1,1,1,0,0,1,0,0,0,1,3,1,0,0,1,0,0
64011498,English,1,1,Apr-07,Western University,1,1,,,,1,,,,,,,1,,,,,1,,0,1,1,1,1,1,1,0,1,1,1,1,1,1,1,1,1,1,1,1,1,1,1,1,1,0,1,1,0,1,0,0,1,1,1,1,0,1,0,0,1,1,0,1,0,0,1,0,0,1,0,0,1,1,4,3,0,0,3,1,0,0
64012818,English,1,1,May-05,Dalhousie University,1,,,,,1,,,,,,,1,,,,,1,,0,0,0,0,1,1,1,0,1,1,0,0,0,0,0,0,0,0,0,0,0,1,0,0,1,0,1,0,0,0,0,0,0,1,1,0,0,1,1,1,1,1,0,1,0,0,1,1,0,0,0,1,0,0,0,1,0,1,0,0,0,0
64014476,English,1,1,Aug-86,Western University,1,,,,,,,,,,,,1,,,,,1,,0,0,1,0,1,1,1,1,0,0,0,1,0,0,0,1,0,1,0,0,0,1,1,0,0,1,1,1,0,0,0,0,1,0,1,1,0,1,0,1,0,1,0,1,0,0,1,1,0,0,0,0,0,1,1,1,0,0,1,0,0,0
64016505,English,2,1,Apr-10,Dalhousie University,1,,1,,,,,,,,,,1,,,,,1,,0,1,1,0,1,1,1,1,1,0,0,1,0,1,0,1,1,0,0,1,1,0,1,0,1,0,1,1,0,1,1,1,,1,1,1,1,1,1,0,1,1,1,1,1,0,1,0,0,0,1,0,0,0,3,8,0,2,1,0,0,0
64017962,English,1,1,Jun-14,McGill University,1,,,,1,,,,,1,,,,,,,,1,,0,1,1,1,1,1,1,0,1,1,1,0,1,1,1,1,1,1,0,0,0,1,1,1,1,1,1,1,1,1,1,1,1,1,0,1,0,1,1,1,1,1,1,1,0,0,1,1,0,1,1,1,1,1,0,5,0,6,0,0,0,0
64042949,English,1,1,Dec-99,Western University,,,,,,,,,,,,,1,,,,,1,,1,0,1,1,1,0,0,0,0,1,0,0,0,0,0,1,0,1,0,0,0,0,1,0,1,1,1,0,1,0,0,1,0,1,0,0,0,1,1,1,0,0,0,0,0,0,0,1,1,0,0,0,0,0,1,1,0,0,1,0,0,0
64047387,English,1,1,Jun-13,University of Toronto,1,1,,1,,,,,,,,,1,,,,,,1,1,1,1,1,1,1,0,0,1,1,0,1,1,1,1,1,1,0,1,0,0,1,0,0,1,1,1,1,1,1,1,1,1,1,1,1,1,1,1,1,1,1,1,1,1,1,1,1,0,0,0,1,0,1,0,5,0,1,0,0,0,0
64070815,English,3,,Apr-96,University of British Columbia,1,1,,,1,,,,,1,,,,,,,,1,,0,1,0,0,1,1,1,0,1,1,1,1,1,1,1,0,1,0,0,0,1,1,1,1,1,1,1,1,0,1,1,1,1,1,1,1,1,1,0,1,1,1,1,1,1,1,1,1,0,1,0,1,1,1,6,4,1,0,0,0,0,0
64071243,French (Canadian),1,1,Jan-05,Universite de Montreal,1,1,,,,,,,,,,,1,,,,,1,,0,1,0,0,1,1,0,1,1,1,1,1,0,1,0,1,0,0,0,0,0,0,1,0,1,0,1,1,1,1,1,0,1,1,1,1,1,1,0,1,1,1,1,1,1,1,1,1,1,0,0,0,1,1,1,4,0,0,1,0,1,0
64076529,English,2,1,Apr-06,Western University,1,1,,,1,1,,,,1,,,,,,,,1,,0,0,1,0,1,1,0,1,0,1,1,1,1,1,1,1,1,1,0,1,1,1,1,1,1,1,1,1,1,1,1,1,1,1,1,1,1,0,1,1,1,1,1,1,1,1,1,1,0,0,0,1,1,1,4,5,1,1,1,1,0,0
64082502,French (Canadian),2,1,Jul-09,Universite de Montreal,1,,,,,,,,,,1,,,,,,,,1,0,0,0,0,0,1,0,1,0,0,0,0,1,0,0,0,0,1,0,0,0,0,0,0,0,0,1,0,0,0,0,0,0,0,0,0,0,0,0,0,0,0,0,0,0,0,0,0,0,0,0,0,1,1,0,1,0,0,0,0,0,0
64085308,English,3,0,Apr-95,University of British Columbia,1,1,,,,,,,,,,,1,,,,,1,,0,0,0,0,0,1,0,0,0,1,0,1,1,1,1,0,1,0,0,0,0,0,0,0,0,0,1,1,1,1,0,0,1,0,1,0,0,1,0,0,0,0,0,0,0,0,0,0,0,0,0,0,0,1,0,1,0,0,0,0,0,0
64085359,English,3,1,Apr-97,University of Alberta,1,,,,,,,,,,,,1,,,,,1,,0,0,1,0,1,1,1,0,1,1,1,1,0,1,1,0,0,0,1,0,0,0,1,0,1,0,1,1,0,0,1,0,1,1,1,1,0,1,1,1,1,1,1,1,1,1,1,1,0,0,0,1,1,0,0,3,0,0,1,0,0,0
64085538,English,2,1,May-99,US Program,,1,,,,,,,,1,,,,,,,,1,,1,0,0,0,1,1,1,0,0,0,0,0,0,0,0,0,0,1,0,0,0,0,1,1,0,0,1,0,0,0,0,1,1,0,0,0,0,1,0,0,1,1,0,1,0,0,0,1,0,0,1,0,0,0,2,12,1,0,1,0,0,0
64089196,English,2,1,Apr-01,McGill University,1,,,1,1,,,,,1,,,,,,,1,,,0,1,1,1,1,1,1,1,1,1,1,1,0,1,1,1,1,1,1,0,1,1,0,1,1,1,1,1,1,1,1,1,1,1,1,1,1,1,1,1,0,1,1,0,0,0,1,1,1,0,1,0,0,1,1,15,1,0,1,1,0,0
64187337,English,1,1,Apr-10,McGill University,1,1,,1,1,,,,,,,,1,,,,,1,,1,0,1,1,1,1,0,1,1,1,0,1,0,1,1,1,1,1,0,0,0,0,1,1,0,1,0,1,0,1,1,1,1,1,0,1,1,1,1,1,1,1,1,1,0,0,1,1,0,0,1,1,0,1,3,5,0,4,2,0,0,0
64213022,English,2,1,Jun-86,McGill University,1,,,,,,,,,,,,1,,,,,1,,0,1,1,1,1,1,1,0,1,0,1,1,1,1,1,0,1,0,1,0,0,1,1,1,1,0,1,1,1,1,1,1,1,1,1,0,1,1,0,1,1,1,1,0,0,0,1,1,1,0,0,1,1,1,0,15,2,0,4,0,0,1
64242856,English,,0,Feb-14,Western University,1,,,,,,,,,,,,1,,,,,1,,0,0,0,0,0,1,0,0,0,0,0,0,0,0,0,0,1,0,0,0,0,0,1,0,0,0,0,1,1,0,0,0,0,1,1,0,0,0,0,0,0,0,0,0,0,0,0,0,0,0,0,1,0,1,0,0,0,0,0,0,0,0
64244995,English,2,1,Aug-96,Western University,1,,,,,1,,,,,,,1,,,,,1,,0,1,1,1,1,1,1,1,1,1,1,0,1,0,1,1,1,1,0,1,1,1,1,1,1,1,0,1,1,1,1,1,1,1,0,1,0,1,1,1,1,1,1,1,0,1,1,1,0,0,1,1,0,1,0,7,0,1,0,0,1,0
64259400,English,3,0,Dec-08,Western University,1,1,,,,,,,,,,,1,,,,,1,,0,0,0,0,0,1,0,0,1,0,0,0,1,1,0,0,0,0,0,0,0,0,0,0,1,0,0,1,0,0,1,0,0,0,0,1,0,1,1,1,1,1,0,1,0,0,1,0,0,0,0,0,1,1,0,0,0,0,0,0,0,0
64273285,English,2,1,Apr-04,McGill University,1,,,,1,,,,,1,,,,,,,,1,,1,0,1,0,1,1,1,1,1,1,0,1,0,0,0,1,1,0,1,1,1,1,1,0,1,1,1,0,0,0,1,0,0,1,0,0,1,1,1,0,1,1,1,1,0,0,1,1,0,0,0,0,0,1,1,1,0,0,3,0,0,0
64284124,English,2,1,Apr-02,University of Toronto,1,,,,1,,,1,,,1,,,,,,,1,,0,1,0,0,1,1,1,0,1,0,1,1,1,1,0,0,1,1,1,0,0,1,0,1,1,0,1,1,1,1,1,1,1,1,0,1,1,1,1,1,1,1,1,1,1,1,1,1,1,0,1,0,1,0,2,15,10,12,4,3,2,0
64287265,English,3,1,Apr-16,Western University,1,1,1,1,1,,,1,,,1,,,,,,,,1,0,1,1,1,1,1,1,1,1,1,1,1,1,1,1,1,1,1,1,0,1,1,1,1,1,1,1,1,1,1,1,1,1,1,1,1,1,1,0,1,1,1,0,1,0,0,1,1,0,1,0,1,0,1,1,5,1,2,1,0,1,1
64308132,French (Canadian),1,1,Apr-03,Universite de Montreal,1,,,,,,,,,,,,1,,,,,,1,0,1,0,0,0,1,0,0,0,0,0,0,0,1,0,0,0,0,0,0,0,0,0,0,0,0,1,1,0,0,0,0,0,0,0,0,0,0,0,0,0,0,0,0,0,0,0,0,0,0,0,0,0,0,0,0,0,0,0,0,0,0
64329529,English,2,1,Apr-02,University of British Columbia,1,1,,,1,,,,,,,,1,,,,,1,,0,0,1,0,1,1,1,1,1,1,0,1,0,1,1,0,0,0,0,0,1,0,1,0,1,1,1,0,0,1,1,0,1,1,0,1,1,1,1,0,1,1,1,1,1,1,1,1,1,0,0,0,0,0,0,1,1,0,1,1,0,0
64338837,English,2,0,Jun-98,University of British Columbia,1,1,,1,1,,,,,1,,1,,,,,,1,,0,1,1,1,1,1,1,1,1,1,0,1,0,1,0,1,1,0,1,1,1,1,1,0,1,1,1,1,1,1,1,1,1,1,1,1,1,1,1,1,1,1,1,1,1,1,1,1,0,0,0,1,1,1,5,8,1,2,3,1,0,0
64345789,English,3,0,Jul-05,"Other, please specify...",,1,1,,,,,,,,,,1,,,,,1,,0,0,0,0,0,1,1,0,0,1,0,0,1,1,0,0,1,0,0,0,0,0,0,0,0,0,0,1,0,1,1,,1,1,0,1,0,1,0,1,1,1,0,1,1,1,1,1,0,0,0,0,0,0,0,1,1,0,0,0,0,0
64395128,English,1,1,Jun-99,University of Toronto,1,,,1,,,,,,,,,1,,1,,,,,1,1,0,0,1,1,1,1,1,0,1,1,1,1,1,0,1,0,1,0,1,1,0,1,1,1,1,1,1,1,1,1,1,1,1,1,1,1,1,1,1,1,0,1,0,0,1,0,1,0,1,0,0,1,2,3,2,30,3,1,0,1
64397221,English,1,1,Oct-05,Western University,1,1,,,1,,,,,,,,1,,,,,1,,0,1,1,1,1,1,1,1,1,1,1,1,1,1,1,1,1,1,1,0,0,1,1,1,0,0,1,1,0,1,0,1,1,1,1,0,1,1,1,1,0,1,1,0,0,1,1,1,1,0,1,1,1,1,0,2,2,1,1,0,0,0
64409929,English,1,1,Aug-84,Western University,,,,1,,1,,,,1,,1,,,,,,1,,0,1,1,1,1,1,0,0,1,1,0,1,0,1,1,0,1,1,1,0,1,1,1,1,1,1,1,1,0,1,1,1,1,1,1,1,1,0,0,1,1,1,0,1,0,1,1,1,0,1,0,0,1,1,1,3,4,0,1,2,0,0
64423177,English,1,1,Dec-96,US Program,1,,,,1,,,,,,,,1,,,,,1,,0,1,1,1,0,1,1,1,1,1,0,1,0,1,,1,1,1,1,0,0,0,1,0,0,1,1,1,0,0,1,1,1,1,1,1,1,1,1,0,0,1,1,0,0,0,1,1,0,0,1,1,0,1,3,2,1,0,0,0,0,0
64447845,French (Canadian),2,1,Apr-05,Universite de Montreal,,1,,,1,1,,,,,1,,,,,,,1,,0,0,0,0,0,1,0,0,0,0,0,0,0,0,0,0,0,0,0,0,0,0,0,0,0,0,0,0,0,0,0,1,1,1,0,1,0,0,0,1,0,1,0,0,0,0,0,0,0,0,0,0,0,0,1,3,0,0,0,0,0,0
64476590,English,1,1,Aug-96,Western University,1,,,,1,1,,,,,,,1,,,,,1,,0,1,1,1,0,1,1,1,1,1,1,1,0,1,0,1,1,1,0,0,1,0,0,1,1,0,1,1,0,1,1,1,0,1,1,0,1,1,0,0,1,1,0,1,0,0,1,1,1,0,0,1,0,0,0,3,1,0,1,0,0,0
64489842,English,2,1,May-01,McGill University,1,,,1,1,,,,,,,1,,,,,,1,,1,1,1,1,1,1,1,1,1,1,1,1,1,1,1,1,1,1,1,0,1,0,1,1,1,1,1,1,1,1,1,1,1,1,1,1,1,1,1,1,1,1,1,1,1,0,1,1,1,0,1,1,1,1,3,10,1,7,14,1,0,0
64581654,English,2,0,Jun-12,University of Toronto,1,,,,1,,,,,,,,,1,,,,1,,0,0,0,0,0,1,0,0,1,0,0,1,0,1,0,0,0,0,0,0,0,0,0,0,1,0,0,1,1,0,1,1,1,1,1,1,1,0,0,1,1,1,1,1,0,0,0,0,0,0,0,0,0,0,0,0,0,0,0,0,0,0
64582379,English,3,0,Jun-12,University of Toronto,1,,,,1,,,,,,,,,1,,,,1,,0,1,1,1,1,1,1,1,1,0,0,0,0,0,0,1,0,0,0,0,0,0,1,0,1,0,1,1,1,0,1,0,1,1,0,1,0,0,1,1,1,1,1,1,0,0,1,1,0,0,0,0,0,1,0,0,0,0,0,0,0,0
64589009,English,1,1,Jul-12,University of Toronto,1,,,,,,,,,1,,,,,,,,1,,0,1,1,0,1,0,0,0,0,1,1,0,0,0,0,0,1,1,0,0,0,0,0,0,1,0,0,0,0,0,0,1,0,1,1,1,0,0,0,0,1,1,1,0,0,0,0,0,0,1,1,0,0,0,1,5,0,2,1,0,0,0
64590380,English,3,0,Aug-00,University of Toronto,1,1,,,,,,,,,,,1,,,,,1,,0,0,0,0,1,1,0,1,0,0,0,0,0,0,1,0,1,0,0,0,0,0,0,0,1,1,0,1,0,1,0,1,1,,1,1,0,0,0,1,0,1,1,0,0,1,0,0,0,0,0,0,1,0,0,0,0,0,0,0,0,0
64617003,English,1,1,Apr-16,US Program,1,,,,,,,1,,,,,1,,,,,1,,0,1,1,1,1,1,0,0,1,0,1,1,1,1,1,1,1,1,0,0,1,1,0,1,1,1,1,1,1,1,1,1,1,1,1,1,1,1,1,1,1,1,1,1,0,0,1,1,0,0,0,0,0,1,0,7,1,10,0,0,1,0
64688840,French (Canadian),2,1,May-10,Universite de Montreal,1,,,,,,,,,,,,1,,,,,1,,0,1,0,0,0,1,0,0,0,0,1,1,1,1,1,0,1,1,0,0,0,0,1,1,0,0,1,1,1,1,1,0,1,1,1,1,1,0,0,1,1,1,0,1,1,1,1,1,0,1,0,0,0,1,1,1,0,0,0,0,0,0
64700714,English,1,0,Dec-11,Western University,1,,,,,,,,,,,,1,,,,,1,,1,0,1,1,1,0,1,1,0,1,1,1,0,1,0,1,0,1,0,0,0,0,0,0,1,1,0,0,0,0,1,1,0,0,0,0,0,1,1,0,1,1,0,1,1,1,1,1,0,0,0,0,0,1,0,2,0,2,0,0,0,0
64726060,English,2,1,May-03,Universite de Montreal,,1,,1,,,,,,1,,,,,,,1,,,0,1,1,1,1,1,1,1,1,1,1,1,1,1,1,1,1,0,1,1,1,1,1,1,1,1,1,1,1,1,1,1,1,1,1,1,1,1,1,1,1,1,1,1,1,0,1,0,1,0,0,0,1,1,0,7,2,2,1,1,0,0
64757905,English,3,1,Jan-86,University of Toronto,1,,,1,1,1,,,,,1,1,,,,,,1,,0,1,1,1,1,1,1,0,1,,1,1,1,1,,0,1,,1,1,1,1,1,1,1,0,1,1,1,1,1,1,1,1,1,1,1,1,0,1,1,1,1,1,1,0,1,1,1,0,0,1,1,1,0,0,5,1,2,0,0,0
64795787,English,3,1,May-89,Western University,1,,,,,1,,,,,,,1,,,,,1,,0,1,0,0,1,1,1,0,0,0,0,0,0,1,0,0,0,0,0,0,1,0,1,1,0,0,1,1,0,1,1,1,1,1,1,1,0,0,1,0,1,1,1,1,1,1,1,1,0,0,0,0,1,1,0,4,0,0,0,1,0,0
64845645,English,2,,Nov-12,University of British Columbia,1,,,,,,,,,,1,,,,,,,1,,1,0,0,0,0,1,1,0,0,1,0,0,0,0,0,0,0,1,0,0,0,0,0,0,0,0,0,0,0,0,0,0,0,0,0,0,0,1,0,0,0,0,0,0,0,0,0,1,0,0,0,0,0,0,0,1,0,0,0,0,0,0
65085977,English,1,1,Jun-10,University of Toronto,1,,,1,1,,,,,,,,,,,,,1,,0,1,1,1,1,1,1,1,1,1,0,1,0,1,1,1,0,1,1,0,0,1,1,1,0,1,1,1,0,1,1,1,0,1,0,1,1,1,1,1,1,1,1,1,1,1,1,1,0,0,0,0,0,1,1,6,3,1,1,0,0,0
65089204,French (Canadian),1,1,May-01,Universite de Montreal,1,,,,,1,,,,,,,1,,,,,1,,0,0,1,1,1,1,1,1,1,1,0,1,1,1,0,1,0,1,1,0,1,1,1,0,0,1,0,1,0,1,1,0,1,1,1,1,1,1,1,1,1,1,1,1,1,0,1,1,0,0,1,1,1,0,3,3,1,0,1,0,0,0
65138921,French (Canadian),2,1,Apr-05,Universite de Montreal,,,,,,,,,,,,,1,,,,,1,,0,0,0,0,0,0,0,0,0,0,0,1,0,0,0,0,0,0,0,0,0,0,0,0,0,0,0,0,0,1,1,0,1,0,1,0,0,0,0,0,0,0,0,0,0,0,0,0,0,0,0,0,0,0,0,0,0,0,0,0,0,0
65146337,French (Canadian),2,1,May-04,Universite de Montreal,,,,,,,,,,1,,1,,,,,,1,,0,0,1,1,1,1,0,0,1,1,1,1,0,0,0,0,1,1,0,0,0,1,0,1,1,0,0,1,0,1,1,1,1,0,1,1,0,0,0,0,1,0,0,0,0,0,0,0,0,1,0,0,0,1,1,1,1,0,0,0,0,0
65160260,English,3,1,May-01,University of Toronto,1,,,1,1,,,,,,,,1,,,,1,,,0,1,1,1,1,1,0,1,1,1,1,1,0,1,0,1,1,0,1,0,0,1,1,1,1,1,1,1,1,1,1,1,1,1,1,1,1,1,1,1,0,1,1,1,0,1,1,1,0,0,0,1,0,1,2,1,0,0,1,1,0,0
65168170,English,2,1,Sep-89,Western University,1,,,1,,,,,,,1,,,,,,,1,,0,0,0,0,1,1,1,1,1,1,0,0,0,0,0,0,1,0,1,0,0,0,0,0,1,0,0,1,0,1,1,0,1,0,1,0,1,1,0,1,1,1,1,1,1,1,1,0,1,0,1,0,1,1,1,2,0,0,0,0,0,0
65192153,English,1,1,,University of Alberta,1,,1,,,,1,,,1,,,,,,,,1,,0,1,1,1,1,1,1,1,1,1,0,1,0,1,0,1,1,1,0,0,1,1,1,0,1,1,1,1,0,1,1,1,1,1,1,1,1,1,1,1,1,1,1,1,1,0,0,0,0,1,1,1,0,1,3,5,0,1,1,2,0,0
65232995,English,1,1,Dec-03,Western University,1,1,,,,,,,,,,,1,,,,,1,,0,1,1,1,1,1,1,1,1,1,1,1,0,0,1,1,1,0,1,0,1,1,1,1,1,1,1,1,1,1,1,1,1,1,1,1,1,1,0,1,0,1,1,0,0,0,1,1,1,0,0,1,1,1,3,9,1,2,4,0,0,0
65243318,English,2,1,Aug-07,Western University,,1,1,,,,,,,1,,1,,,,,,1,,0,1,1,1,1,1,1,0,1,1,1,1,1,1,1,0,1,1,1,0,0,1,1,1,1,0,1,1,0,1,1,1,1,1,1,1,0,1,1,1,1,1,1,1,1,1,1,1,1,0,0,0,1,1,1,2,1,1,0,0,0,0
65259099,English,1,1,Jun-06,University of Alberta,1,1,,,1,1,,,,,,,1,,,1,,,,0,1,1,0,1,1,1,1,1,1,1,1,1,1,1,0,1,1,0,1,1,1,1,1,1,1,1,1,1,1,1,1,1,1,1,1,1,1,1,1,1,1,1,1,0,0,1,1,0,0,1,1,1,1,8,10,0,1,8,0,0,0
65259127,French (Canadian),1,1,May-11,Universite de Montreal,1,,,,,,,,,1,,,,,,,,1,,0,1,1,1,1,1,1,1,0,1,0,1,0,1,1,1,0,0,0,0,0,1,1,0,1,0,1,1,1,1,1,1,1,1,1,1,1,1,0,1,1,1,0,1,1,0,1,1,0,0,0,0,0,1,0,2,0,1,0,0,0,0
65259141,English,2,1,May-15,McGill University,1,,,,,,,,,,,,,1,,,,1,,0,0,1,1,1,1,1,1,1,1,0,0,0,0,0,1,0,0,0,0,0,0,0,0,1,0,1,1,0,0,1,1,1,1,1,1,0,1,1,1,1,1,1,1,0,0,0,1,0,0,0,0,0,1,0,0,0,2,0,0,1,0
65259163,English,1,0,Apr-16,Western University,,,,,1,,,,,,,,1,,,,,1,,1,0,0,0,1,1,1,1,0,0,0,0,1,1,0,0,0,0,0,0,0,0,1,0,0,0,1,0,0,0,0,0,0,0,0,1,0,1,0,0,1,1,0,1,0,0,1,0,0,0,0,0,0,1,0,1,0,0,0,0,0,0
65259246,English,2,1,Apr-01,Western University,1,,,,1,,,,,,,,1,,,,,1,,1,0,0,0,1,1,1,0,1,0,1,1,1,1,1,0,0,0,1,1,0,1,1,0,0,1,1,0,1,0,0,1,0,1,0,0,1,1,1,0,0,1,1,0,0,0,0,1,1,0,0,0,0,0,0,3,2,3,2,0,0,0
65259276,English,2,1,Jun-10,University of Toronto,1,,,,,,,,,,,,1,,,,,1,,1,1,0,0,1,1,1,1,1,1,1,1,0,1,0,1,1,0,0,0,1,1,1,1,1,0,0,1,0,1,1,1,1,1,1,1,1,1,1,1,1,1,1,1,1,0,1,1,0,0,0,1,0,1,2,9,1,0,2,0,0,0
65259309,French (Canadian),1,1,Jun-01,"Other, please specify...",1,,1,,1,,,,,1,,,,,,,,1,,0,1,1,1,1,1,0,0,1,1,0,1,0,0,0,1,1,0,0,0,0,0,1,1,1,0,1,1,1,1,1,1,1,1,0,1,1,0,1,0,1,1,1,1,1,1,0,0,0,0,0,0,1,1,0,0,0,0,0,0,0,0
65259354,English,,0,May-04,Dalhousie University,1,,,,,,,,,,,,1,,,,,1,,0,1,0,,1,1,0,0,1,1,0,1,1,1,0,,1,0,0,0,0,1,0,0,1,1,0,1,0,1,0,1,1,1,0,1,0,1,1,1,1,1,1,1,1,1,1,1,0,0,0,0,0,1,0,2,1,0,0,0,0,0
65259362,English,1,1,Aug-13,Western University,1,,,,1,,,1,,,,,1,,,,,1,,0,1,1,1,1,1,1,1,1,0,1,1,1,1,0,0,1,1,0,0,0,1,1,0,1,0,1,0,0,1,1,1,1,0,1,1,1,1,1,1,1,0,1,1,1,0,1,1,0,0,0,1,1,1,1,4,0,2,1,0,0,0
65259389,English,1,1,May-03,University of Alberta,1,1,,,,1,,,,,,,1,,,,,1,,1,0,1,0,1,1,1,0,1,1,0,1,1,1,0,0,1,0,0,0,0,0,1,0,1,0,0,0,0,0,0,0,0,0,0,1,0,1,0,0,1,1,0,1,0,0,1,1,0,0,0,0,0,1,0,3,0,0,0,0,0,0
65259393,English,2,1,Apr-10,University of Toronto,1,,,,1,1,,,,,,,1,,,,,1,,0,0,1,1,1,1,1,0,1,0,0,1,1,1,1,1,1,1,1,1,1,1,1,0,1,1,1,1,0,1,1,1,1,1,0,1,1,1,1,1,1,1,1,1,1,1,1,1,0,0,1,1,1,1,3,10,1,2,0,0,0,0
65259497,French (Canadian),1,1,Sep-13,Universite de Montreal,,1,,,,,,,,1,,,,,,,,1,,0,1,1,1,1,1,0,0,1,0,1,1,0,0,0,1,0,0,0,0,0,1,1,1,1,1,1,1,0,1,1,0,1,1,0,1,1,0,0,1,0,1,0,0,0,1,0,1,0,0,0,1,1,1,0,0,0,0,0,0,0,0
65259503,English,3,0,Dec-05,US Program,,,,,,,,,,1,,,,,,,,1,,0,1,1,1,1,0,0,1,1,0,0,0,0,1,0,0,0,0,0,0,1,1,0,0,1,0,1,1,1,1,0,1,1,1,1,1,1,0,1,1,1,1,1,1,0,0,1,0,0,0,0,0,0,1,3,3,0,0,0,0,0,0
65259521,English,1,1,Jun-03,US Program,,1,,1,,1,1,,,1,,1,,,,,,1,,0,1,1,1,1,1,1,1,1,1,1,1,1,1,1,1,1,1,1,1,1,1,1,1,1,1,1,1,0,1,1,1,1,1,1,1,1,1,1,1,1,1,1,1,1,1,1,1,1,0,1,1,1,1,1,20,10,5,3,1,0,0
65259568,English,1,1,May-04,University of Toronto,1,,,,1,,,,,,,,1,,,,,1,,0,0,1,0,1,1,0,0,1,0,0,1,0,1,0,0,1,0,0,0,0,1,1,1,0,1,0,1,1,0,0,1,1,1,0,1,1,0,1,0,0,1,1,1,1,0,1,1,0,0,0,0,0,0,1,3,4,0,0,0,0,0
65259696,English,1,1,Aug-09,Western University,1,,,1,1,,,,,1,,,,,,,,1,,0,1,1,1,1,1,1,1,1,0,0,0,1,1,1,1,0,0,1,1,0,0,1,1,1,0,1,1,1,1,1,1,1,1,0,1,1,1,1,1,1,1,1,1,1,1,1,0,0,0,0,0,0,1,2,5,1,2,1,0,0,0
65259713,English,3,1,May-15,University of British Columbia,1,,,,,,,,,,,,1,,,,,1,,0,1,0,1,1,1,1,1,1,1,0,1,1,1,0,0,1,0,0,0,0,1,1,0,0,1,0,1,0,0,1,0,0,0,0,0,0,1,0,1,0,1,0,0,0,1,0,1,0,0,0,1,0,1,0,0,0,0,0,0,0,0
65259886,English,2,1,Apr-16,University of British Columbia,,,,,,,,,,,,,1,,,,,1,,0,0,0,0,0,0,0,0,0,0,0,0,0,0,0,0,0,0,0,0,0,0,0,0,0,0,0,0,0,0,0,1,0,0,0,0,0,0,0,1,0,0,0,0,0,1,0,0,0,1,0,0,0,0,0,1,0,0,0,0,0,0
65260221,English,1,1,May-83,University of Toronto,,,,,,,,,,,,,1,,,,,1,,0,0,0,0,1,0,1,1,1,1,0,1,1,1,1,0,0,0,1,0,1,1,1,0,1,1,1,1,0,1,1,0,1,0,1,1,1,1,0,1,1,1,0,1,1,0,1,0,1,0,0,1,1,1,0,5,0,0,0,0,0,0
65260244,English,2,1,May-08,McGill University,1,,,,1,,,,,1,,,,,,,,1,,1,0,1,0,1,1,1,0,1,0,0,1,0,0,0,0,0,1,0,0,0,1,1,0,1,0,0,0,0,0,0,0,1,0,0,1,1,1,0,1,1,1,0,1,1,0,1,1,0,0,0,0,0,1,1,1,1,1,0,0,0,0
65260263,English,,1,May-10,Western University,1,,,,,,,,1,,,,,,,,,1,,1,1,1,0,1,1,1,1,1,1,1,1,0,1,1,1,0,0,0,0,0,1,1,1,1,0,1,1,0,0,1,1,1,1,1,1,1,1,1,1,1,1,0,1,1,0,1,1,0,0,0,0,0,1,3,1,0,0,0,0,0,0
65260446,English,3,1,Dec-93,Western University,1,,,,,,,,,,,,1,,,,,1,,0,0,1,0,1,0,0,0,1,0,0,0,0,0,0,1,1,0,0,0,0,1,1,0,1,0,0,0,0,1,0,0,0,0,1,1,0,0,0,1,0,0,0,0,0,0,0,0,0,0,0,0,0,0,0,0,0,0,0,0,0,0
65260473,English,3,1,Aug-05,University of British Columbia,1,,,,1,,,,,,,,1,,,,,1,,1,1,1,1,1,1,0,0,1,0,0,0,0,1,0,0,1,0,0,0,1,1,1,1,1,1,1,1,1,1,1,1,1,1,0,1,1,1,1,1,1,1,1,1,1,1,1,1,1,0,0,0,0,0,0,0,0,0,0,0,0,0
65260514,French (Canadian),2,1,Jul-13,Universite de Montreal,1,,,,,,,,,,,,1,,,,,1,,0,0,0,0,0,1,0,0,0,0,0,0,0,0,0,0,0,0,0,0,0,0,0,0,0,0,0,0,0,0,0,0,0,0,0,0,0,0,0,0,0,0,0,0,0,0,0,0,0,0,0,0,0,1,0,0,0,0,0,0,0,0
65260767,English,2,1,Dec-06,Western University,,,,,,,,,,,,,1,,,,,1,,0,1,1,0,1,1,1,1,1,1,0,0,1,1,1,1,0,0,1,0,0,1,0,0,1,0,1,1,1,0,1,1,1,1,1,1,0,1,1,1,1,1,1,1,1,1,1,1,0,0,0,0,0,1,1,2,0,0,0,0,0,0
65261017,English,2,1,Apr-99,McGill University,1,,,,,,,,,,,,1,,,,,1,,1,0,1,0,0,0,1,0,0,0,0,0,0,0,0,0,1,0,0,0,1,0,1,0,1,0,0,0,0,1,0,1,0,0,1,0,0,1,0,0,0,0,0,0,0,0,0,0,0,0,0,1,1,1,0,6,0,0,1,0,0,0
65261207,English,2,1,Apr-93,McGill University,1,,,,,,,,,1,,,,,,,,1,,0,1,1,0,1,1,1,1,1,0,0,0,0,0,0,1,0,0,1,0,0,0,0,0,1,0,1,1,1,0,1,0,1,1,0,1,1,1,1,1,1,1,1,1,1,0,1,0,0,1,0,0,0,1,0,1,0,0,3,0,0,0
65261304,English,3,1,May-94,Western University,,,,,,,,,,,,,1,,,,,1,,0,0,0,0,0,1,0,0,0,1,0,0,0,0,0,0,1,0,0,0,0,0,0,0,0,0,0,0,0,1,0,0,0,0,1,0,0,0,0,0,0,0,0,0,0,0,0,0,0,0,0,0,0,1,0,0,0,0,0,0,0,0
65261342,English,2,1,,"Other, please specify...",,,,,,,,,1,1,,,,,,,,1,,0,1,1,1,1,1,1,1,1,1,1,1,0,1,1,1,1,0,1,1,1,1,0,1,1,1,1,1,0,1,1,1,1,1,1,1,1,1,0,1,1,1,0,1,1,0,1,1,1,0,0,0,1,1,0,4,0,1,0,1,0,0
65261461,English,1,0,May-08,University of British Columbia,1,,,,,,,,,,,,1,,,,,1,,0,1,0,0,0,1,0,0,0,0,0,1,1,1,0,0,0,0,0,0,0,0,0,0,0,0,0,0,0,0,0,0,0,0,1,0,0,0,0,0,0,0,0,0,0,0,0,0,0,0,1,0,0,1,0,0,0,0,0,0,0,0
65261574,English,1,1,Apr-99,University of British Columbia,,,,,,,,,,,,,1,,,,,1,,0,0,0,0,1,1,0,0,1,0,0,0,0,0,0,0,1,0,1,0,0,0,0,0,1,0,1,1,0,0,0,0,0,1,0,1,0,0,0,1,1,1,0,1,0,0,0,0,0,0,1,0,0,1,1,1,4,1,1,2,0,0
65261605,English,2,1,Nov-04,University of Toronto,1,1,1,1,1,,,,1,1,1,,,,1,,,,,0,1,1,1,1,0,1,1,1,1,0,1,0,0,1,1,1,0,1,1,1,1,1,1,1,1,1,1,1,1,1,1,1,0,1,1,1,1,1,1,1,1,0,1,0,0,0,0,1,0,1,1,1,1,0,4,1,1,3,0,0,0
65261619,English,1,1,Apr-07,Dalhousie University,1,1,,,,,,,,1,,,,,,,,1,,0,0,0,0,1,0,0,0,1,0,0,0,0,0,0,0,0,0,0,0,0,0,0,0,1,0,1,1,0,0,0,1,0,0,0,1,0,0,0,1,0,1,0,0,0,0,0,0,0,0,0,0,0,0,0,5,0,1,0,1,0,0
65261627,English,2,1,Jan-84,US Program,,1,,1,,1,,,,1,,1,,,,,,1,,0,1,1,1,1,1,1,1,1,0,1,1,1,1,1,1,1,1,1,0,0,1,1,1,1,0,0,1,1,1,1,1,1,1,1,1,1,1,0,1,1,1,1,1,1,1,1,1,0,1,0,1,1,1,2,5,1,2,4,0,2,0
65261774,English,2,1,Aug-82,Western University,,,,,,,,,,,1,,,,,,,1,,0,1,1,0,1,1,1,1,1,1,0,1,1,0,1,1,1,1,1,0,0,1,1,1,0,0,1,1,1,1,1,1,1,1,0,1,1,1,1,1,1,1,1,1,1,0,1,1,1,0,0,1,1,1,5,3,2,1,0,0,0,0
65262488,English,3,1,May-11,McGill University,1,1,,,,,,,,1,,,,,,,,1,,0,0,0,0,0,1,0,0,0,0,0,0,0,0,0,0,0,0,0,0,0,0,1,0,0,0,0,1,1,1,0,1,0,1,1,0,0,0,0,0,1,0,0,0,0,0,0,0,0,0,0,0,1,0,0,2,0,1,0,0,0,0
65262754,English,1,1,,,1,1,,,,,,,,,,,1,,,,,1,,,0,,0,1,0,0,0,0,1,0,,0,0,,0,1,0,0,0,0,0,1,0,0,1,0,1,1,0,,1,,1,1,1,0,1,1,,1,1,1,1,1,0,1,1,,0,1,0,0,0,1,0,0,1,0,0,0,0
65262983,English,3,1,May-06,University of British Columbia,1,,,1,,,,,,,,,1,,,,,,1,0,1,1,1,1,1,1,0,1,1,1,1,0,1,1,1,0,1,1,0,0,1,1,1,1,1,1,1,1,1,1,1,1,1,1,1,0,0,1,1,1,1,1,0,0,0,1,1,0,0,0,0,1,1,4,2,2,0,1,0,0,0
65263288,English,2,0,Jan-00,Western University,1,,,,,,,,,,,,1,,,,,1,,0,0,1,0,1,1,1,0,1,0,0,0,0,1,0,1,0,0,1,0,1,1,1,0,1,0,0,1,0,0,0,0,1,0,0,1,0,1,0,1,1,1,0,1,0,0,0,0,0,0,0,0,0,1,1,3,0,0,0,0,0,0
65263354,English,,1,Apr-14,University of Ottawa,1,,,1,,1,,,,,1,,,,,,,,1,0,0,,1,1,1,0,0,1,1,0,0,1,1,1,0,1,1,0,0,0,1,1,1,1,1,1,1,1,1,1,1,1,1,1,1,0,1,1,1,1,1,1,1,1,1,1,1,1,0,0,1,0,1,2,1,1,0,0,0,0,0
65263684,English,2,0,Jun-15,McGill University,1,,,,,,,,,,,,1,,,1,,,,0,1,1,1,1,1,1,0,1,1,1,1,1,1,1,1,1,0,0,0,0,1,1,1,1,0,1,1,1,1,1,1,1,1,1,1,1,1,1,1,1,1,1,1,1,0,1,1,0,0,0,1,0,1,1,1,0,1,1,0,0,0
65264207,French (Canadian),1,1,Jun-15,Universite de Montreal,1,,1,1,,,,,,1,,,,,,,,1,,0,1,0,0,1,1,0,1,1,1,0,1,0,1,0,1,0,0,0,0,1,0,1,0,1,1,1,1,0,1,1,0,1,1,1,1,1,0,1,1,1,1,1,1,1,1,1,0,0,0,0,0,1,1,0,2,0,0,0,1,0,3
65264960,English,2,1,Apr-02,University of Toronto,1,,,,1,,,,,1,,,,,,,,1,,1,1,1,1,1,1,0,0,0,0,0,0,0,1,0,0,1,0,1,0,1,1,0,0,1,1,1,0,0,1,0,1,0,1,1,1,0,1,1,1,0,1,0,1,0,0,0,0,0,0,0,0,0,1,0,0,0,0,0,0,0,0
65265076,English,1,1,May-99,Western University,,,,,,,,,,,,,1,,,,,1,,0,0,1,1,1,1,1,1,1,0,0,1,0,0,0,0,1,0,1,1,0,1,1,1,1,1,1,1,0,0,0,1,0,0,0,1,0,1,0,1,0,1,0,1,0,1,1,0,0,0,0,0,0,1,2,1,0,0,1,0,0,0
65265716,English,1,1,Jun-12,University of Toronto,1,,,,,,,,,,,,1,,,,,1,,1,0,1,1,1,1,1,1,0,1,,1,1,1,0,0,0,0,1,0,0,1,0,1,1,0,1,0,1,0,0,1,1,1,0,1,0,1,1,0,1,0,0,1,1,0,1,0,0,0,0,0,0,1,1,7,0,1,0,0,0,0
65266627,English,1,1,Apr-84,McGill University,1,,,,1,,,,,,,,,1,,,,1,,0,1,1,1,1,1,1,1,0,1,0,1,1,1,1,1,1,0,1,0,0,1,1,1,1,1,1,0,0,0,1,0,1,1,1,1,1,1,1,1,1,1,0,1,1,0,1,1,1,1,1,0,1,1,3,2,0,0,0,0,0,0
65266746,English,1,1,May-88,University of Toronto,1,,,,,,,,,,1,,,,,,,1,,0,1,1,1,1,1,1,1,1,1,1,1,1,1,1,1,1,1,1,1,1,1,1,1,1,1,1,1,1,1,1,1,1,1,1,1,1,1,0,1,0,1,1,1,0,1,0,1,1,0,0,1,1,1,0,20,0,25,5,0,0,1
65267069,English,2,1,Apr-06,University of Toronto,1,,,,,,,,,1,,,,,,,,1,,0,0,0,0,0,1,1,0,0,0,0,0,0,1,0,0,0,0,0,0,0,0,0,0,0,0,0,0,1,0,0,0,0,0,0,0,0,1,0,0,0,0,0,1,0,0,0,0,1,0,0,0,0,0,0,3,0,0,0,0,0,0
65267727,English,1,1,Jun-97,McGill University,1,,,,1,,,1,,,,,1,,,,,1,,1,1,1,0,1,1,1,1,1,1,1,1,1,1,1,1,1,1,1,1,1,1,1,1,0,1,0,0,0,0,1,1,1,1,0,0,0,1,1,1,1,0,1,0,1,1,1,1,1,1,1,1,1,1,7,5,2,1,2,0,0,0
65268908,English,1,1,Oct-74,US Program,,,,1,1,,,,,,,,1,,,,,1,,0,0,1,1,1,1,1,1,1,1,1,1,1,1,1,1,1,0,1,0,1,1,1,0,1,0,1,1,1,1,1,1,1,1,1,0,1,1,0,1,0,1,1,0,1,0,1,0,0,0,0,0,1,,0,2,1,0,0,0,0,0
65269447,English,1,1,Dec-91,University of Toronto,1,,,,,,,,,,,,1,,,,,1,,0,1,1,0,1,1,1,0,1,1,0,1,0,1,1,1,0,1,0,0,1,0,1,1,1,1,,1,1,1,,0,1,1,1,1,1,1,0,1,1,1,0,1,0,1,1,1,1,0,0,1,1,0,0,3,0,0,0,0,0,0
65270299,English,3,1,Dec-99,University of Alberta,,1,,1,1,,,,,,,,1,,,,1,,,0,1,1,1,1,1,0,0,1,1,1,1,1,1,1,0,0,1,0,0,1,1,0,1,1,1,1,1,1,1,1,1,1,1,1,1,1,0,1,1,1,1,1,1,0,1,1,1,0,0,0,1,0,1,0,8,2,0,2,0,0,0
65275390,English,3,0,May-91,Western University,1,,,1,1,,,,,,,,1,1,1,,,,,0,1,1,0,1,1,1,0,1,1,0,1,0,0,0,0,1,0,0,0,0,1,1,0,0,0,0,1,0,1,1,1,1,1,1,1,0,1,0,1,1,1,0,1,0,1,1,0,0,0,0,1,0,1,0,2,0,1,0,0,0,0
65276282,English,3,1,Sep-04,Western University,1,1,,,,,,,,,,,1,,,,,1,,0,1,1,1,1,1,1,0,1,0,1,1,1,1,1,0,1,0,0,1,1,1,1,1,1,1,1,1,0,1,1,1,1,1,1,1,1,1,1,1,1,1,1,1,1,1,1,1,0,0,0,1,1,1,2,27,0,2,4,0,0,0
65278790,English,1,0,Aug-00,Western University,1,,,1,,,,,,,,1,,,,,,1,,0,1,1,1,1,1,1,1,0,0,0,1,0,0,0,1,1,1,1,0,1,0,1,1,1,1,1,1,1,1,1,1,1,1,1,0,1,0,0,0,1,1,1,1,1,0,1,1,0,0,0,1,1,1,0,2,0,0,3,0,0,0
65279582,English,2,0,Aug-12,University of British Columbia,,,,,,,,,,1,,,,,,,,1,,0,1,1,1,1,1,0,0,1,0,1,1,0,1,0,1,0,0,0,0,0,1,0,0,1,0,0,1,1,1,1,0,1,1,1,1,1,0,0,1,0,0,0,0,0,0,0,0,0,0,0,0,0,1,0,2,0,2,1,0,1,0
65283684,English,2,1,Apr-99,University of Toronto,1,,,,,,,,,,1,,,,,,1,,,0,1,1,1,1,1,1,0,1,0,0,1,0,1,0,1,1,0,1,1,1,1,1,1,1,1,1,1,1,1,1,1,1,1,1,1,1,1,0,1,1,1,1,1,1,1,1,1,0,0,0,0,1,1,0,17,1,3,1,2,0,0
65302648,French (Canadian),3,1,Apr-09,McGill University,,,,,,,,,,,,,1,,,,,1,,0,0,0,0,0,1,0,0,0,0,0,0,0,0,0,0,0,0,0,0,0,0,0,0,0,0,0,0,0,1,0,1,0,0,0,0,0,0,0,0,0,0,0,0,0,0,0,0,0,0,0,0,0,0,0,1,0,0,0,0,0,0
65302744,English,3,1,May-85,US Program,1,,,,1,,,,,,,,1,,,,,1,,0,1,1,1,1,1,1,1,1,0,1,1,1,1,1,1,1,0,0,0,0,1,0,1,1,0,0,1,0,1,0,1,1,1,1,1,0,1,0,1,1,1,0,1,0,0,0,1,1,0,0,0,1,1,0,3,0,0,0,0,0,0
65304016,English,2,1,May-03,Dalhousie University,1,,,,1,,,1,,,,,1,,,,,1,,1,1,1,1,1,1,1,1,0,1,0,1,1,1,1,1,1,1,1,0,1,1,1,1,1,1,1,1,0,1,1,1,1,1,1,1,1,1,1,0,1,1,1,1,1,1,1,1,0,0,1,1,1,1,0,8,0,0,2,0,0,0
65304324,English,3,0,Apr-91,Western University,1,,,,,,,,,,,,1,,,,,1,,0,0,0,0,1,0,0,0,0,0,0,0,0,0,0,0,0,0,0,0,0,0,0,0,1,0,0,1,0,0,0,0,0,0,0,1,0,1,0,1,0,0,0,0,0,0,0,0,0,0,0,0,0,0,0,0,0,0,0,0,0,0
65304562,English,3,1,Jun-03,University of Toronto,1,,,,,,,,,,,,1,,,,,1,,0,1,1,1,1,1,0,0,1,0,1,0,1,1,0,0,0,0,0,0,0,1,0,0,1,0,1,1,0,1,0,1,0,0,1,1,1,1,0,1,1,1,1,1,1,1,1,0,0,0,0,1,0,0,0,10,0,0,0,0,0,0
65305604,English,1,1,,Dalhousie University,1,1,,,,,,,,,,,1,,,,,1,,,0,,0,,1,0,0,,,0,1,,1,0,0,0,0,,0,0,0,0,0,1,,0,1,1,1,0,1,,,1,,,,1,0,1,1,1,1,0,0,,,0,0,0,1,,1,2,1,0,0,0,0,0,0
65305718,English,1,0,Apr-02,Western University,1,,,1,,,,,,,,1,,,,,,1,,0,1,1,1,1,1,1,1,1,1,1,1,0,1,1,1,1,0,0,0,0,0,0,0,1,0,1,1,1,1,1,1,1,1,1,1,1,1,1,1,1,1,1,1,1,1,1,1,0,0,0,0,1,1,1,2,2,0,4,0,0,0
65305959,English,2,1,Sep-06,Western University,,,,,,,,,,1,,,,,,,,1,,0,1,1,1,1,1,1,0,1,1,0,0,0,1,1,0,1,0,0,0,1,1,0,0,1,0,1,1,1,1,0,1,1,1,1,1,1,1,1,1,1,1,1,1,0,1,1,1,0,0,0,0,0,1,2,7,1,0,0,0,0,0
65306187,English,1,1,Apr-02,University of Toronto,1,,,,1,1,,1,,,,,1,,,,,1,,0,1,1,1,1,1,0,0,1,0,1,1,1,1,0,1,1,0,1,0,0,1,0,1,1,1,0,1,0,1,0,1,1,1,1,1,1,0,0,1,1,1,0,1,1,1,1,0,0,0,1,1,1,1,1,3,0,0,0,0,0,0
65307979,English,3,1,Jun-01,Western University,1,,,,1,,,,,,,,1,,,,,1,,0,0,0,0,0,1,0,0,0,0,0,1,0,0,0,0,0,0,0,0,0,0,0,0,0,0,0,,,1,,,,,,,,,,,,,,,,,,,,,,0,,1,0,0,0,0,0,0,0,0
65308256,French (Canadian),2,1,May-04,Universite de Montreal,,,,,,,,,,1,,,,,,,,1,,0,1,0,0,1,1,0,1,1,1,0,1,1,0,1,1,1,1,0,0,0,0,0,0,1,0,1,1,1,1,0,1,0,1,1,1,0,0,1,1,1,1,1,0,1,0,1,0,0,0,0,0,0,1,0,1,0,4,1,0,0,0
65310360,English,1,1,Jun-02,Western University,1,1,,,,,,,1,,,,1,,,,,1,,0,1,1,1,1,1,0,1,1,0,0,1,1,1,0,1,1,0,1,0,0,1,1,0,1,0,0,1,1,1,1,1,1,1,1,1,1,0,0,1,1,1,1,1,1,1,1,0,0,0,1,0,1,1,3,3,1,0,4,1,2,0
65312399,English,2,0,May-96,University of Toronto,1,,,,1,,,,,,,,1,,,,,1,,0,0,1,0,1,1,0,0,1,0,0,1,0,1,0,0,1,0,0,0,0,1,0,1,1,1,0,0,0,0,0,1,0,1,0,1,0,0,0,1,0,1,0,1,0,0,0,1,0,0,1,0,0,0,0,0,0,0,0,0,0,0
65313604,French (Canadian),2,1,May-96,Universite de Montreal,1,,,,,,,,,,,,1,,,,,1,,0,1,0,0,,1,0,0,0,1,1,1,1,1,1,0,1,1,0,0,0,0,0,1,0,0,0,1,1,0,0,0,0,1,1,1,0,0,0,1,1,1,0,1,1,1,1,0,0,1,0,0,1,1,0,0,0,0,0,0,0,1
65317883,English,1,1,Jun-07,University of Toronto,1,,,,,,,,,,,,1,,,,,1,,0,,1,0,1,1,1,1,1,1,1,1,1,1,0,1,0,0,1,0,0,1,1,1,1,0,1,1,0,1,1,1,1,1,0,1,1,1,1,1,1,1,1,1,0,0,1,1,0,0,0,0,1,1,2,5,3,0,1,0,0,0
65320234,English,3,0,May-81,Dalhousie University,1,,,1,1,,1,,,,,1,,,,,,1,,,1,1,0,1,1,1,1,0,0,1,1,1,1,0,1,1,0,0,0,0,0,0,1,1,0,0,1,0,1,0,1,1,1,1,1,1,0,1,1,1,1,0,1,1,1,1,1,0,0,0,1,1,0,2,3,0,1,1,0,0,0
65323905,English,1,1,Apr-05,University of Alberta,1,1,,,,,,,,,,,1,,,,,1,,0,0,1,1,1,1,0,0,1,1,1,1,0,0,1,1,1,1,0,1,1,1,1,1,0,1,0,1,1,1,1,1,1,1,1,1,1,1,1,1,1,1,0,1,1,0,1,0,0,0,0,1,1,1,4,2,2,0,3,0,0,0
65332198,English,,1,Aug-13,Western University,1,,,,,1,,,,,1,,,,,,,1,,0,1,0,0,1,1,1,0,1,1,1,1,0,1,1,0,1,1,1,0,0,0,1,0,1,1,1,1,1,1,1,1,1,1,0,1,0,1,1,1,1,1,1,1,1,1,1,0,0,0,0,0,1,1,4,3,1,0,4,1,0,0
65334085,English,3,0,Aug-91,Western University,1,,,,,,,1,,,,,1,,,,,1,,0,0,0,0,0,1,0,0,0,0,0,0,0,0,0,0,0,0,0,0,0,0,0,0,0,0,0,1,0,1,0,0,0,0,1,1,0,0,0,1,0,1,0,1,0,0,0,0,0,0,0,0,0,1,0,0,0,0,0,0,0,0
65337816,English,1,1,Apr-04,Western University,,1,,1,,,,,,,,,1,,,,,1,,1,1,1,1,1,1,1,1,1,1,1,1,1,1,1,1,1,1,0,1,0,1,1,1,1,1,1,1,,0,0,1,1,1,1,1,,1,,1,1,1,0,1,0,1,1,1,1,0,0,0,1,1,0,0,0,0,0,0,0,0
65340443,English,3,1,Aug-09,Western University,1,1,,,1,,,,,1,,,,,,,,1,,0,1,1,0,1,1,0,0,1,0,1,1,0,1,0,0,1,0,0,0,0,0,1,1,1,0,1,1,1,1,0,1,1,1,1,1,0,1,1,1,1,1,1,1,1,1,1,1,1,0,0,0,0,0,4,8,1,1,1,0,0,0
65362316,English,1,1,Apr-78,University of Alberta,1,,,,1,,,,,,,,1,,,,,1,,0,0,0,0,0,1,1,1,0,0,0,1,1,0,1,0,1,0,0,0,0,0,1,0,1,0,1,0,0,0,1,1,1,1,0,0,1,0,0,1,1,0,0,0,0,1,1,0,0,0,0,0,1,0,0,1,0,1,0,1,0,0
65374361,English,1,1,May-05,Western University,1,1,,,,,,,,,,,1,,,,,1,,0,1,1,0,1,1,1,1,1,0,0,0,1,1,1,1,0,0,1,0,1,1,1,1,1,1,1,1,0,0,1,1,1,1,1,1,1,1,0,1,1,1,0,1,0,0,1,1,1,0,0,0,0,0,2,1,1,0,0,0,0,0
65430347,English,1,1,Jun-01,McGill University,1,,,,,,,,,,,,1,,,,,1,,1,0,1,0,1,0,1,0,1,0,0,0,1,0,0,0,1,0,0,0,0,0,1,1,0,0,0,0,0,0,1,0,0,0,0,0,1,1,1,1,1,1,0,0,0,0,1,0,1,0,1,1,0,0,2,2,1,2,0,0,0,0
65441055,English,1,1,May-13,University of British Columbia,1,1,,,,1,,,,1,,,,,,,,1,,0,1,1,1,1,1,1,0,1,1,1,1,1,1,1,1,0,1,0,0,0,1,1,1,1,1,1,1,1,1,1,1,1,1,0,1,1,1,1,0,1,1,1,1,1,1,1,1,0,0,0,1,0,1,3,4,0,0,1,1,0,0
65443697,English,1,1,Jun-04,University of Toronto,1,,,,,,,,,,1,,,,,,,1,,0,0,1,0,1,1,0,0,1,1,0,0,1,1,0,1,0,1,0,0,0,1,1,1,1,1,1,0,0,0,1,1,1,1,0,1,0,1,1,1,1,0,1,1,0,1,0,1,1,0,0,0,0,0,0,5,0,2,0,0,0,0
65446439,English,2,1,Jun-07,University of Toronto,1,,,,1,,,,,,,,1,,,,,1,,0,0,1,1,1,1,0,0,1,1,1,1,1,1,0,1,1,0,1,1,1,1,1,1,1,1,0,1,0,0,0,1,1,1,0,1,0,1,1,1,1,1,0,1,1,0,1,0,0,0,0,0,0,1,0,15,0,0,1,1,0,0
65457240,English,3,1,May-02,US Program,,,,,,,,,,,,,1,,,,,1,,0,0,1,0,1,1,0,0,1,1,0,1,0,1,0,0,0,0,0,0,0,1,1,0,1,1,0,1,0,0,0,1,0,0,0,1,0,0,0,1,1,1,0,1,0,1,1,0,0,0,0,1,0,0,10,12,0,0,0,0,0,0
65493882,English,2,1,Jun-89,Dalhousie University,1,,,,,,,,1,,,,1,,,,,1,,0,0,1,0,1,1,1,1,1,0,0,1,0,1,0,0,1,1,1,0,0,0,0,1,0,0,1,0,0,0,0,0,0,,1,1,0,1,1,1,1,1,0,1,0,0,1,1,0,1,1,1,1,1,0,3,0,0,0,0,0,0
65689542,English,1,1,Apr-03,McGill University,1,,,,,,,,,,,,1,,,,,1,,0,0,0,0,1,1,1,1,1,0,1,0,1,1,0,0,1,1,0,0,0,1,0,0,1,1,1,1,0,1,0,1,0,1,0,1,1,0,1,0,1,1,1,0,1,1,0,0,1,0,0,0,0,0,2,8,2,5,2,1,0,0
65689677,English,1,1,Aug-07,Western University,1,,,1,1,,,,,,,,1,,,,,1,,1,0,1,1,1,0,0,0,1,0,0,0,1,1,0,1,1,1,0,0,0,0,0,0,0,0,0,0,0,1,1,0,0,0,0,0,1,1,1,0,0,1,1,0,0,0,0,1,0,0,0,0,0,1,1,3,0,1,0,0,0,0
65690935,English,1,0,Nov-15,University of Toronto,,1,,,,,,,1,,,,1,,,,,1,,0,1,0,0,1,1,1,0,0,0,1,1,1,1,1,0,0,0,0,0,0,0,1,1,0,0,0,1,1,1,1,0,1,0,0,1,1,1,1,1,1,1,1,1,0,0,1,1,0,0,0,0,0,0,0,0,2,2,0,0,0,0
65695129,English,1,1,Apr-03,University of Toronto,1,1,,1,1,1,,,,1,,,,,,,,1,,0,1,1,1,1,1,1,1,1,1,1,1,1,1,1,1,1,0,1,1,1,1,1,1,1,0,1,1,1,1,1,1,1,1,1,1,1,1,1,1,1,1,1,1,1,1,1,1,1,0,1,1,1,1,2,4,1,0,2,0,0,0
65702057,English,1,1,Sep-13,"Other, please specify...",,,,,1,,,,,1,,,,1,,,,1,,,0,1,0,1,1,0,0,1,1,0,1,0,1,1,1,1,1,0,0,0,0,0,0,1,1,1,1,,1,1,1,1,,1,1,,1,1,1,,1,1,1,,,,1,,,1,1,,1,0,0,0,0,0,0,0,0
65705475,English,1,1,Dec-98,Western University,,,,1,1,,,,,1,,,,,,,,1,,1,0,1,1,1,1,1,1,1,0,1,1,0,0,1,1,0,0,1,0,1,1,0,1,1,0,0,1,0,1,1,1,1,0,1,1,1,1,0,1,1,1,0,1,1,1,0,0,0,0,0,0,0,0,0,1,0,0,0,0,0,0
65706237,English,1,0,Apr-97,University of Toronto,1,,,,,,,1,,,,,1,,,,,1,,0,0,0,0,1,1,1,0,0,0,0,0,1,,1,0,0,0,0,0,0,0,0,0,0,0,1,1,0,1,0,0,0,0,0,1,1,0,0,1,0,1,0,0,0,0,0,0,0,0,0,0,0,0,0,1,0,0,0,0,0,0
65716507,English,1,1,May-16,University of Toronto,1,,,,,,,,1,,,,1,,,,,1,,0,1,0,0,1,1,0,0,1,0,1,1,1,1,0,1,1,1,1,0,0,1,1,0,1,1,0,1,1,1,1,1,1,1,1,1,1,1,1,1,1,1,1,1,1,1,1,0,0,0,0,0,0,1,0,6,9,15,12,0,0,2
65719773,English,2,1,Oct-11,Western University,1,1,,,,,,,,,,,1,,,,,1,,0,1,1,0,1,1,0,0,1,0,0,1,0,1,0,0,0,0,0,0,0,1,1,1,0,0,0,1,,0,0,1,1,,1,1,1,1,1,1,1,1,1,1,1,0,1,1,0,0,0,0,0,1,2,15,1,0,0,0,0,0
65728739,English,1,1,Jun-87,Western University,1,,,,1,,,,,1,,,,,,,,1,,0,0,1,1,0,1,0,1,1,0,1,0,1,1,0,1,1,0,0,0,1,1,0,0,1,1,0,1,1,1,1,1,1,1,1,1,1,1,1,1,0,1,1,0,0,0,0,1,0,0,0,1,1,1,0,0,0,0,0,0,0,0
65729191,French (Canadian),1,1,Apr-14,Universite de Montreal,1,1,,,,,,,,,,,1,,,,,1,,0,1,1,1,1,1,0,0,0,1,0,1,1,1,0,0,0,0,0,0,0,0,1,1,1,0,0,1,0,1,0,0,0,0,0,1,0,0,0,0,0,0,0,0,0,0,0,0,0,0,0,0,1,1,0,0,0,0,0,0,0,0
65741534,English,3,1,Apr-08,Dalhousie University,1,1,,,,,,,,,,,1,,,,,1,,0,0,0,0,0,1,0,0,0,0,1,0,0,1,0,0,0,1,0,0,0,0,0,0,0,1,1,1,,1,1,1,1,,0,1,0,1,0,1,1,1,1,0,0,0,1,0,0,0,0,0,0,1,0,3,0,0,0,0,0,0
65748583,French (Canadian),3,1,May-11,Universite de Montreal,1,,,,,,,,,,,,1,,,,,1,,0,0,0,0,1,1,1,1,0,1,1,1,1,1,0,1,1,1,0,0,0,0,0,1,0,0,1,1,0,1,1,0,0,0,1,1,1,0,0,1,1,0,0,1,0,0,0,1,0,0,0,0,0,1,0,1,0,0,0,0,0,0
65752890,English,1,0,Dec-78,Western University,1,,,,,1,,,,,,,1,,,,,1,,1,1,0,0,1,1,1,1,0,0,1,0,1,1,1,1,0,1,0,0,0,0,1,0,0,1,1,1,0,0,0,0,1,1,0,1,1,1,0,0,1,1,1,1,0,1,1,0,1,0,0,1,0,1,0,2,1,0,1,1,0,0
65771702,English,2,0,May-00,McGill University,1,1,,,1,,,,,,,,1,,,,,1,,0,0,0,0,1,1,0,0,1,0,0,1,1,1,1,0,0,0,0,0,0,0,1,0,1,0,0,1,1,1,1,0,1,1,1,1,1,1,1,1,1,1,0,1,1,1,1,0,0,1,0,1,1,1,1,1,0,0,2,0,0,0
65819812,English,3,1,May-91,McGill University,1,,,1,,,,,,,,,1,,,,,1,,0,1,1,1,1,1,1,1,1,1,1,1,1,1,0,1,1,1,1,0,0,1,0,1,1,1,0,1,0,1,1,1,1,1,1,1,1,1,1,0,1,1,0,1,1,1,1,1,0,0,0,0,1,1,0,4,0,1,1,1,0,0
65824474,English,1,0,Apr-07,Western University,1,,,,1,,,,,1,,,,,,,,1,,0,0,0,0,1,1,1,1,1,1,1,1,1,1,1,0,1,0,0,0,0,1,1,1,1,1,1,1,0,0,1,1,1,1,0,1,0,1,1,0,1,1,1,1,0,0,1,1,1,1,0,0,1,1,1,1,1,0,0,1,0,0
65847953,French (Canadian),1,1,Apr-14,Universite de Montreal,1,,,,,,,,,,,,,1,,,,1,,0,0,0,0,1,1,0,0,0,0,0,0,0,0,0,0,0,0,0,0,0,0,0,0,1,0,0,1,1,0,0,0,1,1,1,1,0,0,0,1,0,1,0,0,0,0,1,1,0,0,0,0,0,1,0,0,0,0,0,0,0,0
65849470,English,1,1,Nov-13,University of Toronto,,,,,,,,,,1,,,,,,,,1,,0,1,0,0,0,1,0,0,0,0,1,1,1,1,0,0,0,0,0,0,0,0,0,0,1,0,0,1,1,1,1,1,0,1,1,0,0,1,1,1,1,1,1,1,1,1,1,0,0,0,0,0,0,0,1,3,0,0,0,0,0,0
65849757,French (Canadian),,1,Jun-10,Universite de Montreal,1,,1,,,,,,,1,,,,,,,,,1,0,1,0,0,1,1,1,1,0,1,1,1,1,1,1,1,1,0,0,0,0,0,0,0,1,0,1,1,1,1,1,0,1,1,1,1,1,0,1,1,1,1,1,1,1,1,1,1,0,1,0,0,1,1,0,1,0,4,0,0,0,0
65860798,English,1,1,Jun-02,Western University,1,,,,,,,,,1,,,,,,,,1,,1,1,1,0,1,1,0,1,0,1,0,1,0,0,1,1,0,1,0,0,1,1,1,0,1,0,1,0,0,1,1,1,1,1,0,1,0,1,1,1,1,1,0,1,1,0,1,0,1,0,0,0,1,1,4,3,0,0,2,0,0,0
65862512,English,1,1,May-89,University of Toronto,,,,,,1,,,1,,,,1,,,,,1,,0,1,1,0,1,1,1,1,0,1,0,1,0,1,1,1,1,1,1,0,0,0,1,0,1,1,1,1,0,1,1,1,1,1,1,1,0,0,1,1,1,1,1,1,0,1,1,1,0,0,0,0,1,0,0,5,1,1,1,0,0,0
66062969,English,1,1,May-83,US Program,1,1,1,,,,,,,1,,,,,,,,1,,0,1,0,0,1,1,0,0,1,0,1,0,1,1,0,0,0,1,1,0,1,1,1,0,1,0,1,1,0,1,1,1,1,0,1,1,1,1,1,1,1,1,1,1,1,0,1,1,1,0,0,0,1,0,0,2,1,0,0,0,0,0
66082568,English,1,1,Aug-92,Western University,,,,,,,,,,,1,,,,,,,1,,0,0,1,0,1,1,1,0,0,1,0,0,1,0,1,0,1,0,0,0,0,0,0,0,1,1,1,1,0,0,0,0,0,0,0,0,0,0,0,1,0,0,0,1,0,0,0,0,0,0,1,0,0,0,0,0,0,0,0,0,0,0
66082620,English,1,1,Mar-09,Western University,1,,,,,1,,,,1,,,,,,,,1,,,,1,1,1,1,1,,1,,,,1,1,,1,,,,,1,,1,1,1,1,1,1,1,1,1,,,1,,1,1,1,1,1,,1,1,,1,,1,1,,,,,,1,1,2,0,0,2,0,0,0
66082846,English,2,0,Apr-10,University of Toronto,1,,,,,,,,,,,1,,,,,,1,,0,1,0,1,1,1,0,0,1,1,0,1,0,1,0,0,0,0,0,0,0,0,1,1,0,0,0,1,0,1,0,1,1,0,0,1,0,0,0,1,0,0,0,0,1,0,0,0,0,0,0,0,1,0,0,2,0,1,0,0,0,0
66082937,English,3,0,Dec-06,University of Alberta,1,1,,,1,,,,,,,,1,,,,,1,,0,0,1,1,1,1,1,1,1,1,1,1,1,1,0,1,1,0,0,0,0,1,1,0,1,1,1,1,0,1,1,1,1,1,1,1,1,1,1,1,1,1,0,1,0,0,1,1,0,0,0,1,1,1,1,7,0,3,1,0,0,0
66082944,English,1,1,Jun-88,University of Alberta,1,,,,1,,,,,,,,1,,,,,1,,0,0,0,0,0,1,1,0,1,1,1,1,1,1,1,0,1,0,0,1,1,0,1,1,1,0,1,0,0,1,0,0,1,1,1,1,0,0,0,0,0,0,0,0,0,1,0,0,0,0,1,0,1,1,0,0,0,0,0,0,0,0
66083168,English,1,1,Oct-91,Western University,1,,,,,,,,,,1,,,,,,,1,,0,1,1,0,1,1,1,0,1,1,0,1,1,1,1,0,1,0,0,0,0,1,1,1,1,1,1,1,0,0,1,1,1,1,0,1,0,1,1,1,1,1,1,1,1,1,1,1,0,0,0,1,0,1,1,3,0,0,0,0,0,0
66083285,English,2,1,May-95,McGill University,1,,,,1,,,,1,,,,1,,,,,1,,0,1,0,0,1,1,1,1,1,1,1,1,1,1,0,1,1,,0,0,1,1,1,1,1,1,1,1,1,1,1,1,1,0,1,1,1,1,1,1,1,1,1,1,1,1,1,1,1,0,1,0,0,1,1,8,8,3,0,0,0,0
66083447,English,1,1,Dec-78,"Other, please specify...",,1,1,,,,,,,,,,1,,,,,1,,0,0,1,0,1,0,1,1,1,1,1,1,1,1,0,0,1,0,0,0,0,0,0,0,1,0,1,0,0,1,1,1,0,0,0,1,1,1,0,1,1,1,0,1,0,0,1,0,0,0,0,1,1,1,0,4,0,1,1,0,0,0
66083608,English,2,1,Jun-92,Western University,1,,,,,1,,,,,,,1,,,,,1,,1,0,1,1,1,1,0,0,1,0,1,0,0,1,0,0,1,1,1,0,0,0,0,0,1,1,0,1,0,0,1,1,1,0,1,1,1,1,0,1,0,1,0,1,0,0,1,1,0,0,0,0,0,0,0,2,0,0,2,0,0,0
66083994,English,3,1,May-16,Western University,1,1,,,,,,,,,1,,,,,,,1,,0,1,1,1,1,1,0,1,1,1,1,1,0,1,1,1,1,0,0,0,1,1,1,0,1,1,1,1,1,1,1,1,1,1,1,1,1,1,1,1,1,1,1,1,0,1,1,0,0,0,0,0,0,1,0,2,1,5,0,0,0,0
66084163,English,1,1,Dec-01,University of British Columbia,1,1,,,,,,,,,,,1,,,,,1,,0,1,1,0,1,1,0,0,1,0,1,1,1,1,0,0,0,0,0,0,0,1,0,0,1,0,0,1,0,1,0,1,1,1,0,1,1,1,1,1,1,1,1,1,0,0,1,1,0,0,0,1,0,1,0,5,1,0,0,1,0,0
66084416,English,1,1,May-10,US Program,,,,,,,,,,,,,,1,,,,1,,0,1,1,1,1,1,1,1,1,1,1,1,0,1,1,1,1,1,0,1,1,1,1,1,1,1,1,0,0,1,1,1,1,1,1,1,0,1,1,1,1,1,1,1,1,1,1,1,0,0,0,0,1,1,3,25,6,5,3,0,0,0
66084750,English,1,0,May-16,Western University,1,,,,1,1,,,,1,,,,,,,,1,,1,1,1,1,1,1,1,1,0,1,0,0,1,1,0,0,1,1,1,0,1,0,1,0,1,1,1,0,0,0,0,1,0,0,1,0,0,1,0,0,1,1,0,1,1,0,1,0,1,0,1,0,0,0,3,5,1,2,4,0,0,0
66086880,French (Canadian),,0,Jul-14,Universite de Montreal,,,1,1,,,,,,,,,,1,,,,1,,0,1,1,1,1,1,1,0,1,0,0,1,0,1,0,0,0,0,0,1,0,0,0,0,1,1,1,1,0,1,1,1,0,1,1,0,0,0,0,1,1,0,1,1,1,0,0,1,0,0,0,1,0,1,2,1,1,4,0,0,0,0
66087442,English,2,0,Jun-04,University of British Columbia,1,,,,,,,,,,1,,,,,,,1,,0,1,1,0,1,1,1,0,1,1,1,1,1,1,1,0,1,0,0,0,1,1,1,1,1,1,0,1,1,1,1,1,1,1,0,1,1,1,1,0,1,1,1,1,1,1,1,0,0,0,0,0,1,1,1,2,1,3,0,1,0,0
66087611,French (Canadian),2,1,May-84,Universite de Montreal,1,,,,,,,,1,,,,1,,,,,1,,0,0,0,0,0,1,0,0,0,0,0,0,1,0,0,0,0,0,0,0,0,0,0,0,0,0,0,1,0,1,0,0,0,0,0,0,0,0,0,0,0,0,0,0,0,0,0,0,0,0,0,0,0,0,0,0,0,0,0,0,0,0
66087717,English,2,1,Aug-05,Western University,1,1,,,,,,,,1,,,,,,,,1,,0,0,0,0,1,1,1,0,1,0,0,0,0,1,0,1,1,0,1,0,0,1,0,0,1,0,0,1,0,0,0,1,1,0,1,1,0,1,0,1,1,1,0,1,0,0,1,1,0,0,1,0,0,1,1,10,0,1,0,0,0,0
66087749,English,3,1,May-16,Dalhousie University,1,1,,,,,,,,,,,1,,,,,1,,0,0,1,1,1,1,1,0,1,1,1,1,1,1,1,1,1,1,0,0,1,1,1,1,1,0,0,1,1,1,1,1,1,1,1,1,1,1,1,1,1,1,1,1,1,0,1,1,0,0,0,0,1,1,0,5,0,0,1,0,0,0
66088330,English,1,1,May-16,Western University,,,,,,,,,,,,1,,,,,,1,,1,0,1,0,0,0,1,0,1,1,1,0,0,0,0,0,1,1,0,0,0,1,1,1,1,1,0,1,0,1,1,0,0,0,1,1,1,1,0,1,0,0,0,0,0,0,0,0,0,0,0,1,1,0,1,10,1,5,2,0,0,0
66089767,English,2,0,Apr-13,Western University,1,,,,,,,,,,,,1,,,,,1,,0,1,0,0,1,1,0,0,1,1,1,1,0,1,1,0,1,0,0,0,0,0,0,0,1,1,0,1,0,1,1,1,1,1,1,1,0,0,1,1,0,1,1,0,0,0,1,1,1,0,1,0,0,1,0,2,0,1,0,0,0,0
66090149,English,3,0,Jun-96,University of British Columbia,1,,,1,1,,,1,,,,,1,,,,,1,,0,1,1,1,1,1,1,0,1,1,1,1,1,1,1,0,1,1,0,1,1,1,1,1,1,1,1,1,1,1,1,1,1,1,1,1,1,1,1,1,1,1,1,1,1,1,1,1,0,1,0,1,1,1,0,10,2,0,3,2,0,0
66094995,English,1,1,May-90,Dalhousie University,1,,,,,,,,,,1,,,,,,,1,,,1,1,0,1,1,1,1,1,1,1,1,1,1,1,0,1,1,0,0,0,1,1,1,1,0,1,1,0,1,0,1,1,1,1,1,0,1,0,1,1,1,0,1,0,0,0,0,0,0,0,1,1,1,0,5,1,2,0,0,0,0
66095039,English,2,1,Dec-87,Western University,1,1,,,,,,,,,,,1,,,,,1,,0,0,1,1,0,1,1,1,1,1,1,0,1,1,0,0,1,1,1,0,0,1,1,0,1,0,1,1,1,1,1,0,0,0,0,1,0,1,0,1,0,1,0,0,0,0,0,0,0,0,0,0,1,0,0,0,0,0,1,0,0,0
66095323,English,1,,Dec-08,Western University,,1,,,1,,,,,1,,,,,,,,1,,0,0,1,0,0,1,1,1,0,0,0,0,0,0,0,0,0,0,0,0,0,0,1,0,0,0,1,0,0,1,0,1,0,1,0,0,0,1,1,0,0,1,1,0,0,1,0,0,0,0,0,0,0,0,5,5,0,0,0,1,0,0
66096326,English,3,1,May-93,US Program,,,1,,,,,,,,,,1,,,,,1,,0,1,1,1,1,1,1,1,1,1,0,0,0,1,0,1,0,0,0,1,1,0,1,0,1,0,1,1,0,1,1,1,1,1,1,1,1,0,1,0,1,0,0,1,0,0,1,0,0,0,0,0,0,1,1,5,1,0,1,0,0,0
66097212,English,3,1,Dec-92,US Program,1,,,,,,,,,,,,,1,,,,,,1,0,1,1,0,0,1,0,1,0,0,0,0,1,0,0,1,0,0,0,0,1,0,0,1,1,0,1,0,0,0,1,0,1,1,0,1,1,1,0,0,1,0,0,0,0,0,0,1,0,0,0,0,0,0,5,1,0,1,1,0,0
66098656,English,1,0,Apr-13,McGill University,1,,,,,,,,,,1,,,,,,,1,,1,1,1,1,1,1,0,0,1,0,0,1,1,1,1,0,1,0,0,0,0,1,1,1,1,1,0,1,0,1,1,1,1,0,0,1,1,1,1,1,1,1,1,1,1,0,0,1,1,0,0,0,0,0,0,12,1,1,0,0,0,0
66098720,English,1,1,Aug-08,University of Toronto,1,,,,1,,,,,,,,1,,,,,1,,0,0,1,0,1,1,1,0,1,1,0,1,0,1,0,0,1,1,1,0,0,1,0,0,1,0,1,1,0,0,1,0,1,1,0,1,0,1,1,1,1,1,1,1,0,0,1,0,0,0,0,0,0,1,2,5,0,2,0,0,0,0
66100739,English,2,1,May-16,McGill University,1,,,,,,,,,,1,,,,,,,1,,0,0,1,1,1,1,1,0,0,1,0,1,0,1,0,1,1,0,1,1,1,0,1,0,1,0,1,1,0,0,0,0,1,1,0,1,0,1,0,1,1,1,1,1,0,0,1,1,0,0,0,0,1,1,1,2,0,0,2,0,0,0
66103101,English,3,1,May-09,University of Toronto,,,,,,,,,,,,,1,,,,,1,,0,1,1,0,1,1,1,1,1,1,1,1,0,0,1,1,1,0,0,1,1,1,1,1,1,1,1,0,0,0,1,1,1,1,0,0,1,0,1,0,1,1,1,1,1,0,1,0,0,0,0,0,0,0,2,4,1,5,0,0,0,0
66104237,English,1,1,Aug-08,Western University,1,,,,,1,,,,,,,1,,,,,1,,0,1,0,0,1,1,0,1,1,1,0,0,0,0,0,0,1,1,0,0,0,0,0,0,1,1,1,1,1,0,1,1,1,1,0,1,1,1,1,1,1,1,1,0,0,0,1,0,0,0,0,0,0,1,0,1,0,1,0,0,0,0
66104611,French (Canadian),1,1,Sep-07,Universite de Montreal,,,,,,,,,,1,,,,,,,,1,,0,1,1,1,1,1,1,1,1,1,1,1,1,1,0,1,0,0,0,0,0,0,1,0,1,0,1,1,1,1,1,1,1,1,1,1,1,0,1,1,1,1,1,1,1,1,1,1,1,0,0,0,1,1,0,8,2,2,0,0,1,0
66104729,English,,1,May-96,Dalhousie University,1,,,1,1,1,1,1,,,,,1,,,,1,,,0,1,1,1,1,1,0,0,1,0,1,1,1,1,0,1,1,0,1,0,0,1,1,1,1,1,0,1,1,1,,1,1,0,1,1,0,1,0,1,0,1,1,1,0,0,1,1,0,0,0,1,1,1,4,23,3,1,0,0,0,0
66106257,English,2,1,Apr-03,Western University,1,,,,1,,,,,1,,,,1,,,,1,,0,1,1,1,1,1,1,0,1,1,1,1,0,1,1,0,0,0,0,0,0,1,1,1,1,0,0,1,1,1,1,1,1,1,1,1,0,1,0,1,1,1,0,1,0,0,1,0,0,0,0,0,1,1,1,17,0,2,3,0,0,0
66108122,English,1,,Dec-09,University of British Columbia,1,1,,1,,,,,,,,,1,,1,,,,,0,1,1,1,1,1,1,1,0,1,1,1,0,1,1,1,1,1,1,1,1,1,1,1,1,1,1,1,1,1,1,1,1,1,1,1,1,1,1,1,1,1,1,1,1,0,1,1,1,0,0,0,1,1,1,4,1,3,4,0,0,0
66109320,English,1,0,Aug-83,Western University,,1,,,,,,,,,,,1,,,,,1,,0,0,1,1,1,1,0,0,1,1,1,1,1,1,1,0,1,1,1,0,1,1,0,1,1,0,0,1,1,1,1,1,1,1,1,1,1,1,1,1,1,1,1,1,1,0,1,1,1,0,0,1,1,0,0,4,2,1,1,0,0,0
66110348,English,2,1,May-83,Dalhousie University,1,1,,,,,,,1,,,,1,,,,,1,,0,0,0,0,1,1,0,0,1,1,0,1,0,1,1,0,1,1,1,0,0,1,1,1,1,1,0,1,1,1,0,1,1,1,1,1,0,1,0,1,1,1,0,1,1,1,1,1,0,1,0,0,1,1,0,1,0,2,0,1,0,0
66124874,English,2,0,Jun-14,University of Toronto,1,,,,,,,,,,1,,,,,,,1,,1,1,0,0,1,1,1,0,0,1,1,1,1,1,0,0,0,1,0,0,0,0,0,0,1,0,1,1,0,1,1,0,0,0,0,0,1,1,1,0,1,0,1,0,0,0,1,0,0,0,0,0,0,0,1,0,0,0,0,0,0,0
66133420,English,1,0,Sep-16,Dalhousie University,1,,,,,1,,,,,,,1,,,,,1,,1,0,1,0,1,1,0,0,1,0,0,0,0,1,0,0,0,0,1,0,0,1,0,0,1,1,1,1,0,1,0,0,1,1,0,1,1,1,1,1,1,1,1,1,0,0,0,1,0,0,0,0,0,1,0,1,1,0,1,0,0,0
66137919,English,3,1,Jun-05,Western University,1,,,,1,,,,,,,,1,,,,,,1,0,1,1,0,1,1,0,0,1,0,1,1,0,1,0,1,0,0,0,1,1,1,0,0,1,0,0,1,0,0,0,1,1,0,1,1,1,1,1,1,1,1,1,1,1,1,1,1,0,1,0,1,0,1,0,2,0,0,0,0,0,0
66148254,English,2,0,Nov-15,University of Toronto,1,,,,,,,,,1,,,,,,,,,1,0,1,1,0,1,1,0,0,1,0,1,1,1,1,1,0,0,0,0,0,0,1,0,0,1,0,0,1,1,1,1,1,1,1,0,1,1,0,1,1,1,1,1,1,0,0,1,0,0,,0,0,1,1,0,2,2,0,0,0,0,0
66155555,English,1,1,Apr-94,McGill University,1,,,1,,,,,,,,,,1,,,,1,,1,0,1,0,1,1,0,0,1,1,1,1,0,0,0,0,1,0,0,0,0,1,0,1,0,0,1,1,1,0,1,1,0,1,0,0,1,1,0,1,1,1,0,0,0,0,1,0,0,0,0,0,0,0,0,2,0,0,0,0,0,0
66184430,English,2,1,Aug-77,Western University,1,,,,,,,,,,,,,1,,,,1,,0,0,1,0,1,,1,0,1,0,0,1,0,1,0,0,0,0,0,0,0,0,0,0,0,0,0,1,0,0,1,0,1,0,1,1,0,1,0,1,1,1,0,1,0,0,1,0,0,0,0,0,0,1,0,0,0,0,0,0,0,0
66191635,English,2,1,Jul-14,Western University,1,,,,,,,,,,,1,,,,,,1,,0,1,1,1,0,1,1,0,1,0,0,1,0,0,0,1,1,0,0,0,0,0,0,1,1,0,1,1,1,1,1,1,1,1,1,1,0,1,1,1,1,1,1,1,1,0,1,0,0,0,0,0,0,1,2,2,0,1,0,0,0,0
66196682,English,1,1,May-00,University of British Columbia,1,,,,,,,,,,,,1,,,,,1,,0,1,1,1,1,1,1,1,1,1,1,1,1,1,1,1,1,1,1,1,1,1,1,1,1,1,1,1,1,1,1,1,1,1,1,1,0,1,1,1,1,1,1,1,1,1,1,1,1,1,1,0,1,1,0,10,0,3,1,0,0,3
66197241,French (Canadian),,,May-05,Universite de Montreal,1,1,,,1,,,,,,,,1,,,,,1,,0,1,0,1,1,1,0,0,1,0,0,1,0,1,0,1,0,0,0,0,0,0,0,0,1,0,0,1,0,1,1,0,0,0,0,1,1,1,0,1,1,1,0,1,0,0,0,0,0,0,0,0,1,1,0,0,0,0,0,0,0,0
66198107,English,1,1,Apr-98,Western University,,,,,,,,,,,,,1,,,,,1,,0,0,1,1,1,0,0,0,0,1,0,1,0,0,1,0,0,0,1,0,0,1,1,0,1,1,0,1,0,1,0,0,0,0,1,1,0,1,0,1,1,1,0,1,0,0,0,0,0,0,0,0,0,1,1,2,0,0,0,0,0,0
66205484,English,1,1,Apr-09,McGill University,1,,,,,,,,,,,,1,,,,,1,,1,1,0,0,1,1,1,1,1,0,0,0,0,1,0,1,0,0,0,0,0,0,1,0,1,0,0,0,0,0,1,1,0,0,0,1,0,1,1,0,1,1,1,1,0,0,1,1,0,0,0,0,0,1,0,3,0,1,0,0,0,0
66218368,English,1,1,May-76,Universite de Montreal,1,,,,1,,,,,1,,,,,,,,1,,0,1,1,1,1,1,1,1,1,1,0,1,1,1,1,1,0,0,1,1,1,1,1,0,1,1,1,1,0,1,1,1,1,1,0,1,1,1,1,1,1,1,1,1,0,0,1,0,1,0,0,0,1,0,0,1,0,1,0,0,0,0
66229598,English,,1,Aug-07,Western University,1,,,,,,,,,,1,,,,,,,1,,0,1,1,1,1,1,1,1,1,0,0,1,0,1,0,1,1,0,1,1,1,0,1,1,0,0,1,1,1,1,1,1,1,1,1,1,1,1,1,1,1,1,1,1,1,0,1,0,0,0,0,0,1,1,0,8,0,0,1,1,0,0
66238934,English,1,1,Jun-91,Western University,1,,,,,,,,,,,,1,,,,,1,,1,1,1,0,1,1,1,0,1,1,1,1,1,1,1,0,1,1,1,0,0,1,0,1,1,1,0,1,0,1,0,1,1,1,1,1,0,1,1,1,1,1,1,1,0,0,1,1,1,0,0,0,0,1,0,10,1,2,1,0,0,0
66241680,English,2,1,Apr-90,McGill University,1,,,1,,,,,,1,,,,,,,,1,,0,1,1,0,0,1,0,0,0,0,0,0,1,0,0,0,0,0,1,0,0,1,0,1,0,1,0,1,0,1,1,0,1,1,0,0,1,1,1,1,1,1,0,1,1,1,1,1,1,0,0,1,1,0,1,0,0,0,0,0,0,0
66432372,English,2,1,May-05,Dalhousie University,1,,1,,,,,,,1,,1,,,,,,1,,0,1,1,1,1,1,1,1,1,0,1,1,1,1,1,0,0,0,1,0,0,1,1,1,1,0,0,1,1,1,1,1,1,1,1,1,1,1,1,1,0,1,1,1,1,1,1,1,1,0,0,0,1,1,0,2,0,3,0,0,0,1
66434710,French (Canadian),3,1,May-00,Universite de Montreal,1,1,,,,,,,,,,,1,,,,,1,,0,0,0,0,1,0,1,1,0,0,0,0,1,1,0,0,0,0,0,0,0,0,1,1,0,1,1,1,1,0,0,0,0,1,0,0,1,0,0,0,0,1,1,0,1,1,0,1,0,0,0,0,0,0,0,0,0,0,0,2,0,0
66435752,English,1,1,May-16,McGill University,1,,,,1,,,,,,,,1,,,,,1,,1,0,0,0,0,0,0,1,1,0,0,1,0,0,0,0,1,0,0,0,0,0,1,1,1,0,0,0,0,1,1,1,0,0,1,0,1,1,1,1,1,1,1,1,0,0,0,0,1,0,1,1,0,1,0,10,0,0,2,0,0,0
66438269,English,1,1,Jun-81,University of Toronto,1,,,,1,1,,,,,,,1,,,,,1,,0,1,1,1,1,1,1,0,1,0,1,1,1,1,1,1,1,0,1,1,1,1,0,1,0,1,1,1,1,1,1,1,1,1,1,1,1,1,0,1,1,1,1,0,0,1,1,1,1,0,0,1,1,1,0,4,0,5,1,1,1,0
66444915,English,2,1,Jun-12,University of Toronto,1,,,,,,,,,,,,1,,,,,1,,1,0,0,0,1,0,1,1,1,0,1,1,0,1,0,0,1,1,0,0,0,0,1,1,0,0,1,0,0,0,1,1,1,0,0,0,1,1,1,0,1,0,0,1,1,0,0,1,0,0,1,0,0,1,0,8,0,0,0,0,0,0
66463697,English,2,1,May-96,University of Toronto,1,,,,,,,,,1,,,,,,,,1,,0,1,1,1,1,1,1,1,1,1,0,1,0,1,1,1,1,0,1,0,1,1,0,1,1,1,1,1,1,1,1,0,1,1,1,1,1,1,0,1,1,1,0,1,0,0,1,1,0,0,0,1,1,1,0,5,0,0,2,0,0,0
66471483,English,1,1,Jun-09,University of British Columbia,1,,,,1,1,,1,,1,,,,,,,,1,,0,1,1,1,1,1,1,1,1,1,0,1,1,1,1,1,1,0,0,0,1,1,1,1,1,1,1,1,1,1,0,1,1,0,1,1,0,1,1,1,1,1,1,1,1,1,1,1,0,0,1,0,0,1,4,1,2,0,5,1,0,0
66521513,English,1,1,Jun-92,University of British Columbia,,1,,,,1,,,,1,,,,,,,,1,,0,1,0,0,1,1,0,0,1,1,0,0,1,1,0,0,0,1,1,0,1,1,1,0,1,0,0,1,0,0,0,1,1,1,1,1,1,1,1,1,1,1,1,1,1,1,1,0,1,1,1,0,0,1,0,2,0,0,0,1,0,1
66562574,English,1,0,Apr-03,Dalhousie University,,1,,1,1,,,,,,,,1,,,,,1,,0,1,1,1,1,1,1,0,1,1,1,1,1,1,1,1,1,1,0,0,0,1,1,1,1,1,0,1,1,1,1,1,1,1,1,1,1,1,1,1,1,1,1,1,1,1,1,1,1,0,0,0,1,1,3,6,2,0,4,0,0,0
66563529,English,3,1,May-02,Western University,1,1,,,,,,,,1,,,,,,,,1,,0,0,0,0,1,1,0,0,0,0,0,0,0,1,0,0,0,0,0,0,0,0,0,0,0,0,1,1,0,1,0,0,0,0,0,1,0,0,0,1,1,1,0,1,0,0,0,0,0,0,0,0,0,0,0,0,0,0,0,0,0,0
66591014,English,2,1,Jun-87,McGill University,1,1,,,1,,,,,,,,1,,,,,1,,0,0,1,0,1,1,1,0,1,1,0,1,1,1,1,1,0,1,1,0,0,1,1,0,1,1,1,0,0,0,1,1,1,1,0,1,1,1,1,1,1,1,1,1,1,0,1,1,0,0,0,0,0,0,0,1,0,0,0,0,0,0
66599618,English,1,1,Apr-06,University of British Columbia,1,,1,,,,,,,,,,1,,,,,1,,0,1,0,0,1,1,0,0,1,0,1,1,0,1,1,0,0,0,0,0,0,1,1,1,1,0,1,1,1,1,1,1,1,1,1,1,1,1,1,0,1,1,1,1,1,0,1,1,1,0,1,0,0,1,0,5,0,0,1,2,0,0
66702010,English,1,1,Aug-00,Western University,1,,,1,1,,1,1,,,,,1,,,,,1,,1,0,0,0,0,0,0,0,0,0,0,0,0,0,0,0,0,0,0,0,0,0,0,0,0,0,0,0,0,0,0,0,0,0,0,0,0,1,0,0,0,0,0,0,0,0,0,0,0,0,0,0,0,0,0,0,0,0,0,0,0,0
66765314,English,1,0,Jun-14,Western University,1,,,,1,,,,,1,,,,,,,,1,,0,1,1,1,1,1,1,1,1,1,1,1,1,1,1,1,1,1,0,0,0,1,1,1,1,1,1,1,1,1,1,1,1,1,1,1,1,1,0,1,1,1,0,,0,0,1,1,0,1,0,1,0,1,1,9,0,1,2,0,0,3
66809729,English,1,1,Aug-83,Western University,1,,,,,,,,1,,,,1,,,,,1,,1,0,0,0,0,0,1,0,0,0,0,0,1,0,1,0,0,0,0,0,0,0,0,0,0,0,1,0,0,0,0,0,0,0,0,1,0,1,0,0,0,0,0,0,0,0,0,0,0,0,0,0,0,0,1,0,0,0,0,0,0,0
66815893,English,2,1,Sep-09,Western University,1,,,,,1,,,,,1,,,,,,,1,,1,1,0,0,1,1,1,1,1,1,0,1,1,1,1,0,0,1,1,0,0,1,1,0,1,1,1,1,1,0,1,1,1,1,0,1,1,1,1,1,0,1,1,1,1,0,1,1,1,0,0,1,0,1,3,21,0,3,0,0,1,0
66824380,English,2,1,Aug-06,Western University,1,,,,,,,,,1,,,,,,,,1,,0,1,1,1,1,1,1,1,1,1,0,0,1,1,1,0,1,0,0,0,0,0,1,0,1,1,1,1,0,0,0,1,1,1,0,1,0,1,1,1,1,1,0,1,1,0,1,1,0,0,1,0,0,0,0,10,1,0,1,0,0,0
66860624,English,2,1,Aug-99,University of Alberta,1,1,,1,1,,,,,,,,1,,,,,1,,0,1,1,0,1,1,1,1,1,1,1,1,1,1,1,1,1,0,1,0,0,1,1,0,1,1,1,1,0,1,1,1,1,1,0,1,0,1,1,1,0,1,1,0,1,1,1,1,1,0,0,0,1,0,0,0,0,0,0,0,0,0
66865083,English,2,1,Dec-98,Western University,1,,,,,1,,,,,1,,,,,,,1,,0,0,1,0,0,1,1,0,1,1,1,0,0,1,0,1,1,0,1,0,0,0,1,1,1,0,1,1,0,0,0,1,1,1,1,1,0,1,1,1,1,1,1,1,0,0,1,0,1,0,1,0,1,1,0,10,1,1,0,0,0,0
66881802,English,1,1,Aug-10,Western University,1,,,,1,,,,1,1,,,,,,,,1,,0,0,1,0,0,1,1,1,1,1,0,1,1,1,0,0,1,0,0,0,0,0,0,0,1,0,1,1,1,0,0,1,1,1,1,1,0,1,1,1,0,1,1,0,0,0,1,0,0,0,1,1,1,1,0,0,0,0,0,0,0,0
